" <b><a href=""/app/Form/Inpatient Record/{0}"">{0}</a></b>"," <b><a href=""/app/Form/Inpatient Record/{0}"">{0}</a></b>",
 <b><a href='/app/Form/Appointment type/{0}'>{0}</a></b>, <b><a href='/app/Form/Appointment type/{0}'>{0}</a></b>,
 <b><a href='/app/Form/Healthcare Practitioner/{0}'>{0}</a></b>, <b><a href='/app/Form/Healthcare Practitioner/{0}'>{0}</a></b>,
 Quantity, 数量,
 out of {0}, {0}中,
 to know more, 詳細はこちら,
${status},${status},
", Mobile {}",", モバイル {}",
5.0.0,5.0.0,
<b><a href='/app/Form/Healthcare Settings'>Healthcare Settings</a></b>,<b><a href='/app/Form/Healthcare Settings'>医療設定</a></b>,
<b>Expiry Date of Patient's Insurance Policy</b> (via Patient Insurance Policy) or <b>Validity End Date of Coverage</b> (via Item Insurance Eligibility),<b>患者の保険証の有効期限</b> (患者保険証経由) または <b>補償の有効終了日</b> (品目保険資格経由),
"<b>Reason for Claim Rejection / Error</b> is required, please update row #{}",<b>請求却下/エラーの理由</b>は必須です。行 #{}を更新してください,
"<b>Single</b>: Results which require only a single input.
<br>
<b>Compound</b>: Results which require multiple event inputs.
<br>
<b>Descriptive</b>: Tests which have multiple result components with manual result entry.
<br>
<b>Grouped</b>: Test templates which are a group of other test templates.
<br>
<b>No Result</b>: Tests with no results, can be ordered and billed but no Lab Test will be created. e.g.. Sub Tests for Grouped results","<b>単一</b>: 単一の入力のみを必要とする結果。
<br>
<b>複合</b>: 複数のイベント入力を必要とする結果。
<br>
<b>記述的</b>: 手動で結果を入力する複数の結果コンポーネントを持つテスト。
<br>
<b>グループ化</b>: 他のテストテンプレートのグループであるテストテンプレート。
<br>
<b>結果なし</b>: 結果のないテスト。注文および請求は可能ですが、検査結果は作成されません。(例: グループ化された結果のサブテスト)",
<b>Valid From</b> date cannot be after <b>Valid Till</b> date,<b>有効開始日</b>は<b>有効終了日</b>より後にはできません,
<b>Your Shortcuts</b>,<b>あなたのショートカット</b>,
"<br><br><br>Creating Health ID <br>
								<small>Please note, this may take a while</small>","<br><br><br>Health IDを作成中<br>
								<small>これには時間がかかる場合がありますのでご注意ください</small>",
<br><br><br>Getting Health ID,<br><br><br>Health IDを取得中,
<br><br>Resending Aadhaar OTP...,<br><br>Aadhaar OTPを再送信中...,
<br><br>Searching...,<br><br>検索中...,
"<br><br>Verifying OTP... <br>
					<small>Please note, this may take a while</small>","<br><br>OTPを検証中...<br>
					<small>これには時間がかかる場合がありますのでご注意ください</small>",
<br><br>Verifying...,<br><br>検証中...,
<br>Please check email / mobile or disable 'Invite as User' to skip creating User,<br>メール/携帯電話を確認するか、「ユーザーとして招待」を無効にしてユーザー作成をスキップしてください,
"<p>Notes:</p>

<ol>
<li>Keywords Available : 
<code>age</code></li>
<li>Tables Available : <code>Patient, Healthcare Settings, Observation, Observation Template</code></li>
</ol>","<p>注記:</p>

<ol>
<li>利用可能なキーワード: 
<code>age</code></li>
<li>利用可能なテーブル: <code>Patient, Healthcare Settings, Observation, Observation Template</code></li>
</ol>",
"<span class=""h4"">Reports &amp; Masters</span>","<span class=""h4"">レポート &amp; マスター</span>",
"<span class=""h4"">Your Shortcuts</span>","<span class=""h4"">あなたのショートカット</span>",
"<svg class=""icon  icon-sm"" style="""">
				<use class="""" href=""#icon-printer""></use>
			</svg>","<svg class=""icon  icon-sm"" style="""">
				<use class="""" href=""#icon-printer""></use>
			</svg>",
A Negative,A型 Rh-,
A Positive,A型 Rh+,
AB Negative,AB型 Rh-,
AB Positive,AB型 Rh+,
ABDM Request,ABDMリクエスト,
ABDM Settings,ABDM設定,
ABHA Address is required to search,検索にはABHAアドレスが必要です,
ABHA Addressent Required,ABHA Addressent が必要です,
ABHA ID created successfully,ABHA IDが正常に作成されました,
ABHA ID not Created,ABHA IDが作成されませんでした,
AGE,年齢,
ASAP,ASAP,
Aadhaar Consent Template,Aadhaar Consentテンプレート,
Abbr,略語,
Abbreviation already used for {0},{0}に略語が既に使用されています,
Abbreviation is mandatory,Abbreviationは必須です,
Abdomen,腹部,
Abnormal,異常,
Abnormal Condition,異常状態,
Abnormal From,異常開始,
Abnormal Interpretation,異常解釈,
Abnormal Long Interpretation,異常長文解釈,
Abnormal Options,異常オプション,
Abnormal Ratio,異常比率,
Abnormal To,異常終了,
Abnormal Value,異常値,
About when and how to obtain urgent work care,緊急業務ケアをいつ、どのように取得するかについて,
Accepted,承認済,
Account Details,勘定科目詳細,
Accounts,勘定科目,
Accounts Manager,会計マネージャー,
Accounts User,会計ユーザー,
Actions,アクション,
"Actions implied by the request are to be permanently halted, before all of the administrations occurred. This should not be used if the original order was entered in error",リクエストによって示唆されるアクションは、すべての管理が行われる前に恒久的に停止されます。元の注文が誤って入力された場合には、これを使用しないでください,
Actions implied by the request are to be temporarily halted. The request might or might not be resumed. May also be called 'suspended'.,リクエストによって示唆されるアクションは一時的に停止されます。リクエストは再開される場合とされない場合があります。「中断」とも呼ばれます。,
Active,アクティブ,
Active Assist,アクティブアシスト,
Active Service Requests,アクティブなサービスリクエスト,
Active Treatment Counselling {0} already exist for encounter {1},エンカウンター {1} に対して、アクティブな治療カウンセリング {0} が既に存在します,
Activity,アクティビティ,
Activity Duration,活動期間,
Actual Qty (at source/target),実際数量 (ソース/ターゲット),
Add,追加,
Add / Edit Fields,フィールドの追加/編集,
Add Clinical Note,臨床ノートを追加,
Add Exercise Step,運動ステップを追加,
Add Exercises,運動を追加,
Add Medication Orders,投薬指示を追加,
Add Multiple,複数追加,
Add Multiple Service Units,複数のサービスユニットを追加,
Add New Line,新規行を追加,
Add Note,メモを追加,
Add Observation,観察を追加,
Add Test,テストを追加,
Add Time Slots,タイムスロットを追加,
Add Video Conferencing,ビデオ会議を追加,
Adding Order Entries,注文入力の追加,
Additional Discount,追加値引き,
Additional information regarding the patient,患者に関する追加情報,
Address & Contact,住所 & 連絡先,
Address HTML,住所HTML,
Address Line 1,住所1,
Address Line 2,住所2,
Address and Contact,住所と連絡先,
Address and Contacts,住所と連絡先,
Admission Encounter,入院エンカウンター,
Admission Instructions,入院指示,
Admission Nursing Checklist Template,Admission Nursing Checklistテンプレート,
Admission Order,入院指示,
Admission Ordered For,入院指示対象,
Admission Schedule Date,入院予定日,
Admission Scheduled,入院予定済,
Admission Service Unit Type,Admission Service Unit種類,
Admission Status,入院ステータス,
Admissions,入院,
Admit,入院させる,
Admitted,入院済,
Admitted Datetime,入院日時,
Admitted Patients,入院患者,
Adults' pulse rate is anywhere between 50 and 80 beats per minute.,成人の脈拍数は1分あたり50〜80拍です。,
Advice on Discharge,退院時のアドバイス,
Against Inpatient Medication Order,入院投薬指示に対して,
Against Inpatient Medication Order Entry,入院投薬指示入力に対して,
Age,年齢,
Age From,開始年齢,
Age To,終了年齢,
Alcohol Consumption (Past),飲酒量 (過去),
Alcohol Consumption (Present),飲酒量 (現在),
Alcohol past use,過去の飲酒歴,
Alcohol use,飲酒歴,
Alerts,アラート,
All,すべて,
All Customer Groups,すべての顧客グループ,
All Item Groups,すべての品目グループ,
All actions that are implied by the request have occurred.,リクエストによって示唆されるすべてのアクションが実行されました。,
All published FHIR Versions.,公開されているすべてのFHIRバージョン。,
All the drugs are available with sufficient qty to process this Inpatient Medication Entry.,この入院患者投薬入力の処理に十分な数量の薬剤がすべて利用可能です。,
Allergies,アレルギー,
"Allergies, Medical and Surgical History",アレルギー、病歴、手術歴,
Allerigies,アレルギー,
Allocated Amount (via Journal Entry),割当額 (仕訳伝票経由),
Allow Appointments,予約を許可,
Allow Blank,空白を許可,
Allow Booking For,予約を許可する対象,
Allow Discharge Despite Pending Healthcare Services,保留中の医療サービスがある場合でも退院を許可,
Allow Discharge Despite Unbilled Healthcare Services,未請求の医療サービスがある場合でも退院を許可,
Allow Overlap,重複を許可,
Allow Stock Consumption,在庫消費を許可,
Allow Video Conferencing,ビデオ会議を許可,
Allowed Options,許可されたオプション,
Already Exist,既に存在します,
Amended,修正済,
Amended From,修正元,
Amount,金額,
Amount with GST,GST込み金額,
An Inpatient Medication Order {0} against Patient Encounter {1} already exists.,An Inpatient Medication Order {0} against Patient Encounter {1}は既に存在します,
An active contract for this Insurance Payor already exists: {0},この保険支払者に対する有効な契約が既に存在します: {0},
An order created in fulfillment of a broader order that represents the authorization for a single activity occurrence. E.g. The administration of a single dose of a drug.,単一のアクティビティ発生の承認を表す、より広範な注文の履行として作成された注文。例：単回投与の薬剤の投与。,
Antibiotic,抗生物質,
Antibiotic Name,Antibiotic名,
Applies To,適用対象,
Appointment,予約,
Appointment Based On Check In,チェックインに基づく予約,
Appointment Booked,予約済み,
Appointment Cancelled.,予約がキャンセルされました。,
Appointment Cancelled. Please review and cancel the invoice {0},予約がキャンセルされました。請求書 {0} を確認し、キャンセルしてください。,
Appointment Confirmation,予約確認,
Appointment Confirmation Message Not Sent,予約確認メッセージが送信されませんでした,
Appointment Date and Time are required.,予約日時が必要です。,
Appointment Datetime,予約日時,
Appointment Details,Appointment詳細,
Appointment Duration (mins),予約期間 (分),
Appointment End Datetime,予約終了日時,
Appointment For,予約対象,
Appointment Notes,予約メモ,
Appointment Reminder,予約リマインダー,
Appointment Status,予約ステータス,
Appointment Type,Appointment種類,
Appointment Type Service Item,予約タイプサービス品目,
Appointment Type Service Items,予約タイプサービス品目,
Appointment date and Healthcare Practitioner are Mandatory,予約日と医療従事者は必須です,
Appointment end must be after start.,予約終了は開始後である必要があります。,
Appointment for service units with Inpatient Occupancy can only be created against the unit where patient is admitted.,入院患者の占有があるサービスユニットの予約は、患者が入院しているユニットに対してのみ作成できます。,
Appointment {0} and Sales Invoice {1} cancelled,予約 {0} と売上請求書 {1} がキャンセルされました,
Appointments,予約,
Appointments To Bill,請求対象の予約,
Appointments and Encounters,予約と診察,
Appointments to Bill,請求対象の予約,
Approve,承認,
Approved,承認済,
"Approved / Rejected / Paid Amount connot be more than Claim Amount, please update row #{}",承認/却下/支払済金額は請求金額を超えることはできません。行 #{} を更新してください。,
Approved Amount,承認済金額,
Approved Date,承認日,
Are you sure you want to authorise Observation <b></b>,観察 <b></b> を承認してもよろしいですか？,
Are you sure you want to cancel this appointment?,この予約をキャンセルしてもよろしいですか？,
Are you sure you want to mark selected samples as Collected,選択したサンプルを「収集済」としてマークしてもよろしいですか？,
Assessment Datetime,評価日時,
Assessment Description,評価説明,
Assessment Name,Assessment名,
Assessment Parameter,評価パラメータ,
Assessment Parameters,評価パラメータ,
Assessment Scale,評価尺度,
Assessment Sheet,評価シート,
Assessment Template,Assessmentテンプレート,
"Assessment tool/survey instrument observations (e.g., Apgar Scores, Montreal Cognitive Assessment (MoCA)).",評価ツール/調査機器による観察 (例: アプガースコア、モントリオール認知評価 (MoCA))。,
Assessments,評価,
Assigned To,割り当て先,
Assistance Level,支援レベル,
Attach,添付,
Attach Medical Record,医療記録を添付,
Attach Result,結果を添付,
Authorization,認可,
Auto Name,自動名,
Automatic,自動,
Automatically Generate Billable,請求可能項目を自動生成,
Available,利用可能,
Available Qty,利用可能数量,
Available slots,利用可能なスロット,
Average Score,平均スコア,
Avoid Confirmation,確認を回避,
B Negative,B型Rh-,
B Positive,B型Rh+,
BMI,BMI,
Barcode,バーコード,
Base URL,ベースURL,
Based on Condition and Formula,条件と数式に基づく,
Based on Consumption,消費に基づく,
Basic Details,基本詳細,
Batch,バッチ,
Billables,請求可能項目,
Billing,請求,
Billing & Accounts,請求と勘定,
Billing & Payments,請求と支払い,
Billing Currency,請求通貨,
Billing Item,請求品目,
Billing Status,請求ステータス,
Billing Summary,請求サマリー,
Billing Type,請求種類,
Billing and Insurance,請求と保険,
Billing and Payments,請求と支払い,
Birth Date,誕生日,
Bloated,膨満感,
Blood Group,血液型,
Blood Pressure,血圧,
Blood Pressure (diastolic),血圧 (拡張期),
Blood Pressure (systolic),血圧 (収縮期),
Body Part,身体部位,
Body Part Link,身体部位リンク,
Body Parts,身体部位,
Body Temperature,体温,
Bold,太字,
Book,予約,
Boolean,真偽値,
Boolean Value,真偽値,
Both,両方,
Bottom,下部,
Brand,ブランド,
Break,休憩,
Browse Medication,薬剤を閲覧,
Cancel,キャンセル,
Cancel Admission,入院キャンセル,
Cancelled,キャンセル済,
"Cannot Cancel, Insurance Claim already Completed / Partly Paid",キャンセルできません。保険請求はすでに完了/一部支払い済みです。,
Cannot create Unavailable block: it conflicts with existing Patient Appointment(s): ,予約不可ブロックを作成できません: 既存の患者予約と競合します: ,
"Cannot link existing Item Code {}, UOM {} does not match with Item Stock UOM",既存の品目コード {} をリンクできません。UOM {} が品目在庫UOMと一致しません,
Cannot mark Inpatient Record as Discharged since there are unbilled services. ,未請求のサービスがあるため、Inpatient Record を退院済としてマークできません。 ,
Canonical Mapping,正規マッピング,
Captured,取得済,
Category,カテゴリ,
Center,中央,
Change In Item,品目の変更,
Change Item Code,品目コードの変更,
Change Template Code,テンプレートコードの変更,
Change in Item,品目の変更,
Charge,料金,
Charges,料金,
Check Availability,空き状況を確認,
Check In,チェックイン,
Check Out,チェックアウト,
Check if you consume Alcohol,アルコールを摂取するかどうか確認してください,
Check if you consume Tobacco,タバコを摂取するかどうか確認してください,
Check if you have a history of Alcohol Consumption,アルコール摂取歴があるか確認してください,
Check if you have a history of Tobacco Consumption,タバコ摂取歴があるか確認してください,
Check this if the Clinical Procedure is billable and also set the rate.,臨床処置が請求可能である場合はこれをチェックし、料金も設定してください。,
Check this if the Clinical Procedure utilises consumables. Click ,臨床処置が消耗品を利用する場合、これをチェックしてください。クリック ,
Check this if you want the Name and Designation of the Employee associated with the User who submits the document to be printed in the Lab Test Report.,文書を提出するユーザーに関連付けられた従業員の氏名と役職を検査レポートに印刷する場合は、これをチェックしてください。,
Check-in time cannot be greater than the current time,チェックイン時刻は現在時刻より大きくすることはできません,
Checked In,チェックイン済,
Checked Out,チェックアウト済,
Checking this option will prompt for Appointment invoicing and payment,このオプションをチェックすると、予約の請求と支払いが促されます,
Checking this will create Lab Test(s) specified in the Sales Invoice on submission.,これをチェックすると、提出時に売上請求書で指定された検査が作成されます。,
Checking this will create a Sample Collection document  every time you create a Lab Test,これをチェックすると、検査を作成するたびに検体採取文書が作成されます,
Checking this will create new Patients with a Disabled status by default and will only be enabled after invoicing the Registration Fee.,これをチェックすると、新しい患者はデフォルトで無効ステータスで作成され、登録料の請求後にのみ有効になります。,
Checking this will popup to invoice appointment,これをチェックすると、予約の請求ポップアップが表示されます,
Checking this will restrict printing and emailing of Lab Test documents unless they have the status as Approved.,これをチェックすると、検査文書のステータスが承認済みでない限り、印刷およびメール送信が制限されます。,
Checklist,チェックリスト,
Chief Complaint,主訴,
Child nodes can be only created under 'Group' type nodes,子ノードは「グループ」タイプのノードの下にのみ作成できます,
Circular reference detected: '{0}' is already a component (directly or indirectly) of '{1}',循環参照が検出されました: '{0}' は '{1}' のコンポーネント (直接的または間接的) です,
City,市,
Claim Amount,請求金額,
Claim Coverage %,請求カバー率 %,
Claim Details,Claim詳細,
Claim Error / Reject Reason,請求エラー/却下理由,
Claim Mode of Approval,請求承認モード,
Claim Status,請求ステータス,
Claim Validity End Date,請求有効期限終了日,
Claim already created for all Inpatient Occupancies,すべての入院占有に対して請求がすでに作成されています,
Claims,請求,
Claims Receivable Account,請求売掛金勘定,
Claims Receivable Account is mandatory for Company {},会社 {} には請求売掛金勘定が必須です,
Client ID,クライアントID,
Client Secret,クライアントシークレット,
Clinical Note,臨床ノート,
Clinical Note Type,Clinical Note種類,
Clinical Notes,臨床ノート,
Clinical Procedure,臨床処置,
Clinical Procedure ({0}):,臨床処置 ({0}):,
Clinical Procedure Consumable Item,臨床処置消耗品目,
Clinical Procedure Item,臨床処置品目,
Clinical Procedure Rate,臨床処置料金,
Clinical Procedure Template,Clinical Procedureテンプレート,
Clinical Procedure is already created,臨床処置はすでに作成されています,
Clinical Procedure {0} already created from service request {1},サービスリクエスト {1} から臨床処置 {0} がすでに作成されています,
Clinical Procedures,臨床処置,
"Clinical observations measure the body's basic functions such as blood pressure, heart rate, respiratory rate, height, weight, body mass index, head circumference, pulse oximetry, temperature, and body surface area.",臨床観察では、血圧、心拍数、呼吸数、身長、体重、体格指数、頭囲、パルスオキシメトリー、体温、体表面積など、身体の基本的な機能を測定します。,
Close,閉じる,
Closed,閉鎖済,
Coated,コーティング済,
Code,コード,
Code Description,コード説明,
Code System,コードシステム,
Code Value,コード値,
Code Value Description,コード値の説明,
Code Value Set,コード値セット,
Codes indicating the degree of authority/intentionality associated with a request.,リクエストに関連付けられた権限/意図の度合いを示すコード。,
Codes providing the status of an observation.,観察のステータスを提供するコード。,
Codification Table,コード化テーブル,
Collect Fee for Patient Registration,患者登録料を徴収,
Collect Payment on Portal,ポータルで支払いを徴収,
Collect Registration Fee,登録料を徴収,
Collected,収集済,
Collected By,収集者,
Collected On,収集日,
Collected User,収集ユーザー,
Collection Date Time,収集日時,
Collection Details,Collection詳細,
Collection Details:,収集詳細:,
Collection Point,収集ポイント,
Colony Population,コロニー数,
Colony UOM,コロニー測定単位,
Color,色,
Combinations,組み合わせ,
Comment,コメント,
Comments,コメント,
Company,会社,
Company and Insurance Provider are mandatory,会社と保険会社は必須です,
Complaint,苦情,
Complaints,苦情,
Complete,完了,
Complete and Consume,完了して消費,
Complete {0} and Consume Stock?,{0}を完了し、在庫を消費しますか？,
Complete {0}?,{0}を完了しますか？,
Completed,完了,
Completed Orders,完了した注文,
Component Observation Parent,コンポーネント観察親,
Component Observations,コンポーネント観察,
Components,コンポーネント,
Compound,複合,
Compound Test Result,複合検査結果,
Condition,条件,
Conditions,条件,
Configure a service Item for {0},{0}のサービス品目を設定してください,
Confirm,確認,
Confirm to Schedule Admission,入院のスケジュールを確認,
Confirmation Message,確認メッセージ,
Confirmed,確認済,
Connections,接続,
Consent Management,同意管理,
Consent Required,同意が必要です,
Constipated,便秘,
Consultation Setup,診察設定,
Consultations,診察,
Consulting Charges: {0},診察料: {0},
Consumable Total Amount,消耗品合計金額,
Consumables,消耗品,
Consume Stock,在庫を消費,
Consumption Details,Consumption詳細,
Consumption Invoiced,消費請求済,
Contact & Address,連絡先と住所,
Contact HTML,連絡先HTML,
Contact: ,連絡先: ,
Container Closure Color,容器の蓋の色,
Contract Details,Contract詳細,
Conversion Factor,換算係数,
Conversion Factor is mandatory,Conversion Factorは必須です,
Corrected,修正済,
"Could not add conferencing to this Appointment, please contact System Manager",この予約に会議を追加できませんでした。システム管理者にご連絡ください。,
Could not create Service Units,サービスユニットを作成できませんでした,
Country,国,
Counts Completed,完了したカウント,
Counts Completed: {0},完了したカウント: {0},
Counts Target,カウント目標,
Counts Targeted: {0},目標カウント: {0},
Coverage,補償,
Coverage %,補償率 %,
Coverage Amount,補償金額,
Coverage Percentage,補償率,
Coverage Status,補償ステータス,
Create,作成,
Create ABHA,ABHAを作成,
Create Coverage,補償を作成,
Create Healthcare Practitioner,医療従事者を作成,
Create Insurance Coverage,保険補償を作成,
Create Lab Test(s) on Sales Invoice Submission,売上請求書提出時に検査を作成,
Create Medication Request,投薬依頼を作成,
Create Multiple,複数作成,
Create Nursing Tasks,看護タスクを作成,
Create Observation(s) on Sales Invoice Submission,売上請求書提出時に観察を作成,
Create Patient,患者を作成,
Create Payment Entry,入出金伝票を作成,
Create Practitioner Schedule,医療従事者スケジュールを作成,
Create Sample Collection document for Lab Test,検査用の検体採取ドキュメントを作成,
Create Service Request,サービスリクエストを作成,
Create Slots,スロットを作成,
Create Treatment Counselling,治療カウンセリングを作成,
Create and link a service item to be billed for Out Patient Consulting.,外来診察の請求対象となるサービス品目を作成し、リンクします。,
Create and link the document to complete this task,このタスクを完了するためにドキュメントを作成し、リンクします,
Create/Link Code,コードを作成/リンク,
Create/Link Item,品目を作成/リンク,
Creating Insurance Coverage,保険補償を作成中,
Creating Lab Tests...,検査を作成中...,
Creating Observations! Please Wait...,観察を作成中！お待ちください...,
Creating Treatment Counselling,治療カウンセリングを作成中,
Creating {0} Service Units,{0}個のサービスユニットを作成中,
Critical,危機的,
Critical Condition,危機的状態,
Critical From,危機的範囲（開始）,
Critical Interpretation,危機的解釈,
Critical Long Interpretation,危機的詳細解釈,
Critical Options,危機的オプション,
Critical Ratio,危機的比率,
Critical To,危機的範囲（終了）,
Critical Value,危機的値,
Currency,通貨,
Current Issues,現在の問題,
Custom,カスタム,
Custom Document Types,カスタムドキュメントタイプ,
Custom Result,カスタム結果,
Custom Signature in Print,印刷時のカスタム署名,
Customer,顧客,
Customer Details,顧客詳細,
Customer Group,顧客グループ,
Customer Not Found,顧客が見つかりません,
Customer {0} created and linked to Patient,顧客{0}が作成され、患者にリンクされました,
Customer {0} has been linked to Patient,顧客{0}が患者にリンクされました,
Customer {0} is created.,顧客{0}が作成されました。,
Customer {0} updated,顧客{0}が更新されました,
Cuts,切り傷,
Daily,日次,
Dashboard,ダッシュボード,
Date,日付,
Date Fieldname,日付フィールド名,
Date Range,日付範囲,
Date Time,日時,
Date of Birth,生年月日,
Date of birth,生年月日,
DateTime,日時,
Datetime,日時,
Day,日,
Day(s),日,
Days,日,
Default,デフォルト,
Default Accounts,デフォルト勘定科目,
Default Appointment Type,Default Appointment種類,
Default Code System,デフォルトコードシステム,
Default Code System to be used when creating Insurance Claim,保険請求作成時に使用するデフォルトコードシステム,
Default Currency,デフォルト通貨,
Default Duration (In Minutes),デフォルト期間 (分),
Default Google Calendar,デフォルトGoogleカレンダー,
Default Healthcare Service Items,デフォルト医療サービス品目,
Default Intent,デフォルトの意図,
Default Interval,デフォルト間隔,
Default Interval UOM,デフォルト間隔単位,
Default Prescription Dosage,デフォルト処方量,
Default Prescription Duration,デフォルト処方期間,
Default Price List,Default Priceリスト,
Default Priority,デフォルト優先度,
Default duration which the task can take to complete,タスク完了にかかるデフォルト期間,
Default income accounts to be used if not set in Healthcare Practitioner to book Appointment charges.,医療従事者で設定されていない場合に、予約料金を計上するために使用されるデフォルトの収入勘定科目。,
Default receivable accounts to be used to book Appointment charges.,予約料金を計上するために使用されるデフォルトの売掛金勘定科目。,
Defaults,デフォルト,
Definition,定義,
Denied,拒否済,
Department,部門,
Department wise Patient Appointments,部門別患者予約,
Description,説明,
Description ,説明 ,
Descriptive,記述的,
Descriptive Result,記述的結果,
Descriptive Test,記述的テスト,
Descriptive Test Result,記述的テスト結果,
Descriptive Test Template,Descriptive Testテンプレート,
Descriptive Toggle,記述的トグル,
Designation,役職,
Details,詳細,
Diagnosis,診断,
Diagnosis Trends,診断トレンド,
Diagnostic,診断,
Diagnostic Module,診断モジュール,
Diagnostic Report,Diagnosticレポート,
Diagnostics,診断,
Diagnostics Setup,診断設定,
"Did not send SMS, missing patient mobile number or message content.",SMSを送信できませんでした。患者の携帯電話番号またはメッセージ内容が不足しています。,
Diet Adviced,食事指導,
Difficulty Level,難易度,
Direct,直接,
Directive,指示,
Disabled,無効,
Disapproval Reason,不承認理由,
Discharge,退院,
Discharge Date,退院日,
Discharge Details,Discharge詳細,
Discharge Instructions,退院指示,
Discharge Notes,退院記録,
Discharge Nursing Checklist Template,Discharge Nursing Checklistテンプレート,
Discharge Ordered Date,退院指示日,
Discharge Scheduled,退院予定,
Discharge Summary,退院サマリー,
Discharged,退院済,
Discharging Practitioner,退院担当医,
Discount %,値引き率,
Discount Amount,値引き額,
Discount Percentage,値引き率,
Display,表示,
Divorced,離婚,
Do Not Bill Patient Encounters for Inpatients,入院患者の診察は請求しない,
Do not add Video Conferencing,ビデオ会議を追加しない,
Do not confirm if appointment is created for the same day,同日予約の場合は確認しない,
Do not print or email Lab Tests without Approval,承認なしで検査結果を印刷またはメール送信しない,
DocName,ドキュメント名,
DocType,DocType,
Document Type,Document種類,
Documents,ドキュメント,
Done,完了,
Dosage,用量,
Dosage Form,剤形,
Dosage Form:,投与形態:,
Dosage Strength,投与量強度,
Dosage by Time Interval,時間間隔による投与量,
Dosage:,投与量:,
Draft,下書き,
Draft Observations,下書き観察,
Drug,薬剤,
Drug Code,薬剤コード,
Drug Name,Drug名,
Drug Name / Description,薬剤名 / 説明,
Drug Prescription,薬剤処方,
Due Date,期日,
Duplicate,複製,
Duration,期間,
Duration (In Minutes),期間 (分),
Each slot indicates the capacity currently available for booking,各スロットは、現在予約可能なキャパシティを示します,
Edit,編集,
Edit Clinical Note,臨床ノートを編集,
Edit Exercise Step,運動ステップを編集,
Edit Observation,観察を編集,
Eligibility,資格,
Eligibility Applicable for,適用対象の資格,
Eligibility Details,Eligibility詳細,
Eligibility For ,対象資格 ,
Eligibility Plan,資格プラン,
Email,メール,
Email Id,メールID,
Email Sent,メール送信済,
Emergency,緊急,
Employee,従業員,
Employee (Lab Technician),従業員 (検査技師),
Employee and User Details,Employee and User詳細,
Employee name and designation in print,印刷時の従業員名と役職,
Enable Free Follow-ups,無料フォローアップを有効化,
Encounter,診察,
Encounter Date,診察日,
Encounter Details,診察詳細,
Encounter Impression,診察所見,
Encounter Status,診察ステータス,
Encounter Time,診察時刻,
End Date,終了日,
End Time,終了時刻,
End time must be after start time.,終了時刻は開始時刻より後である必要があります。,
Ended,終了済,
Enter a name for the Clinical Procedure Template,Enter a name for the Clinical Procedureテンプレート,
Entered In Error,誤って入力されました,
Entered in Error,誤って入力されました,
Error,エラー,
Error / Reject Reason,エラー / 却下理由,
Error calculating Coverage for Insurance Coverage {}. Please verify Coverage for Item and then try saving Insurance Coverage again,保険適用範囲 {} の適用範囲の計算中にエラーが発生しました。品目の適用範囲を確認し、再度保険適用範囲の保存を試してください。,
Error in formula,数式のエラー,
"Error while evaluating the {0} {1} at row {2}. <br><br> <b>Error:</b> {3}
			<br><br> <b>Hint:</b> {4}","行 {2} の {0} {1} の評価中にエラーが発生しました。<br><br> <b>エラー:</b> {3}
			<br><br> <b>ヒント:</b> {4}",
Estimated Duration,見積期間,
Event,イベント,
Exam,検査,
Exercise,運動,
Exercise Difficulty Level,運動難易度,
Exercise Instructions,運動指示,
Exercise Name,Exercise名,
Exercise Steps,運動ステップ,
Exercise Type,Exercise種類,
Exercise Type Step,運動タイプステップ,
Exercise Video,運動ビデオ,
Exercises,運動,
Expected By,予定日,
Expected Discharge,退院予定,
Expected Length of Stay,予想入院期間,
Expected Result Date,結果予定日,
Expected Result Time,結果予定時刻,
Expected and Discharge dates cannot be less than Admission Schedule date,予定日と退院日は、入院予定日より前の日付にすることはできません。,
Experimental,実験的,
Experimental ,実験的 ,
Expired,期限切れ,
Expiry Date for the Insurance Policy cannot be a past date,保険証券の有効期限は過去の日付にすることはできません。,
Explore Clinical Procedure Templates,臨床処置テンプレートを探索,
Explore Healthcare Settings,医療設定を探索,
External,外部,
External Referral,外部紹介,
FHIRVersion,FHIRバージョン,
Facility,施設,
Failed,失敗,
"Failed to fetch health Data, Please try again later",健康データの取得に失敗しました。後でもう一度お試しください。,
Failure Reason,失敗理由,
Family,家族,
Father,父親,
Fee Validity,料金有効性,
Fee Validity Reference,料金有効性参照,
Fee Validity {0} updated.,料金有効性 {0} が更新されました。,
Female,女性,
Fetch Patient Coverages,患者の保険適用範囲を取得,
Fetched existing ABHA of aadhaar provided,提供されたaadhaarの既存のABHAを取得しました。,
"Fetched from Practitioner Schedule if ""Create Slots"" is disabled",「スロット作成」が無効の場合、施術者スケジュールから取得されます。,
Fetching Available Slots...,利用可能なスロットを取得中...,
Fetching Coverages,保険適用範囲を取得中,
Fetching Pending Medication Orders,保留中の投薬指示を取得中,
Fetching Template Details,Fetching Template詳細,
Fetching Treatment Plans,治療計画を取得中,
Filler Order,フィラーオーダー,
Filters,フィルター,
Final,最終,
Findings,所見,
First Name,First名,
Fixed,固定,
Fluid,液体,
Follow Up Date,フォローアップ日,
Followup Date,フォローアップ日,
For Procedure,処置用,
For use while scheduling tele-consultations via Google Meet,Google Meetを介した遠隔診療のスケジュール設定時に使用します。,
Formula,数式,
Free Followup Details,Free Followup詳細,
Friday,金曜日,
From,から,
From Age Type,From Age種類,
From Date,開始日,
From Datetime,開始日時,
From Duration,開始期間,
From Time,開始時刻,
Full,全体,
Full Name,Full名,
Furry,毛皮,
Gateway Name,Gateway名,
Gender,性別,
Gender: ,性別: ,
Generate Billables,請求可能項目を生成,
Generating OTP...,OTPを生成中...,
Generic Name,Generic名,
Gestational Age,在胎週数,
Get Applicable Treatment Plans,適用可能な治療計画を取得,
Get From Encounter,診察から取得,
Get Items From,項目を取得元,
Get Items from Healthcare Services,医療サービスから項目を取得,
Get Items from Prescriptions,処方箋から項目を取得,
Get Orders,注文を取得,
Get PDF,PDFを取得,
Get Pending Medication Orders,保留中の投薬指示を取得,
Get Prescribed Clinical Procedures,処方された臨床処置を取得,
Get Prescribed Therapies,処方された治療法を取得,
Get from Patient Encounter,患者診察から取得,
Getting From Encounter,診察から取得中,
Goal,目標,
Google Calendar,Googleカレンダー,
Google Calendar Required,Googleカレンダーが必要です,
Google Meet Link,Google Meetリンク,
Granted,許可済,
Group Tests,グループテスト,
Grouped,グループ化済,
Grouped Observations,グループ化された観察項目,
Has Component,コンポーネントあり,
Health ID Service,健康IDサービス,
Healthcare,医療,
Healthcare Activity,医療活動,
Healthcare Administrator,医療管理者,
Healthcare Insurance Policy,医療保険証券,
Healthcare Payment Record,医療支払い記録,
Healthcare Practitioner,医療従事者,
Healthcare Practitioner (Primary),医療従事者 (主),
Healthcare Practitioner (Secondary),医療従事者 (副),
Healthcare Practitioner not available on {0},医療従事者は {0} に利用できません。,
Healthcare Practitioner {0} not available on {1},医療従事者 {0} は {1} に利用できません。,
Healthcare Schedule Time Slot,医療スケジュール時間枠,
Healthcare Service,医療サービス,
Healthcare Service Insurance Coverage,医療サービス保険適用範囲,
Healthcare Service Items,医療サービス項目,
Healthcare Service Template,Healthcare Serviceテンプレート,
Healthcare Service Unit,診療部門,
Healthcare Service Unit Tree,医療サービス単位ツリー,
Healthcare Service Unit Type,Healthcare Service Unit種類,
Healthcare Service Unit Type cannot have both {0} and {1},医療サービス単位タイプは {0} と {1} の両方を持つことはできません。,
Healthcare Service Unit Type must allow atleast one among {0} and {1},医療サービス単位タイプは {0} と {1} のうち少なくとも1つを許可する必要があります。,
Healthcare Services,医療サービス,
Healthcare Settings,Healthcare設定,
Heart Rate / Pulse,心拍数 / 脈拍,
Height (In Meter),身長 (メートル),
High Sensitivity,高感度,
Hold,保留,
Home,ホーム,
Hospital,病院,
Hour,時間,
Hyper,ハイパー,
ICD-10-CM (United States),ICD-10-CM (米国),
ICD-9-CM (clinical codes),ICD-9-CM (臨床コード),
ICD-9-CM (procedure codes),ICD-9-CM (処置コード),
Identification Number (UID),識別番号 (UID),
Identifies the level of importance to be assigned to actioning the request.,リクエストの処理に割り当てる重要度を識別します。,
"If ""Link Customer to Patient"" is checked in Healthcare Settings and an existing Customer is not selected then, a Customer will be created for this Patient for recording transactions in Accounts module.",医療設定で「顧客を患者にリンク」がチェックされており、既存の顧客が選択されていない場合、この患者のために顧客が作成され、会計モジュールで取引が記録されます。,
"If checked, a customer will be created for every Patient. Patient Invoices will be created against this Customer. You can also select existing Customer while creating a Patient. This field is checked by default.",チェックされている場合、すべての患者に対して顧客が作成されます。患者の請求書はこの顧客に対して作成されます。患者の作成時に既存の顧客を選択することもできます。このフィールドはデフォルトでチェックされています。,
"If checked, a customer will be created, mapped to Patient.
Patient Invoices will be created against this Customer. You can also select existing Customer while creating Patient.","チェックされている場合、顧客が作成され、患者にマッピングされます。
患者の請求書はこの顧客に対して作成されます。患者の作成時に既存の顧客を選択することもできます。",
"If enabled, diagnostic details tab will show on patient portal",有効になっている場合、患者ポータルに診断詳細タブが表示されます。,
"If this Healthcare Practitioner also works for the In-Patient Department, set the inpatient visit charge for this Practitioner.",この医療従事者が入院部門でも勤務している場合、この従事者の入院診察料を設定してください。,
"If this Healthcare Practitioner works for the In-Patient Department, create a service item for Inpatient Visits.",この医療従事者が入院部門で勤務している場合、入院診察用のサービス品目を作成してください。,
"If unchecked, the item will not be available in Sales Invoices for billing but can be used in group test creation. ",チェックを外した場合、この品目は売上請求書での請求には利用できませんが、グループテスト作成では使用できます。 ,
"If you want to send SMS alert on Patient Registration, you can enable this option. Similary, you can set up Out Patient SMS alerts for other functionalities in this section. Click",患者登録時にSMSアラートを送信したい場合は、このオプションを有効にできます。同様に、このセクションで他の機能について外来患者SMSアラートを設定できます。「クリック」,
"If you want to track Payroll and other HRMS operations for a Practitoner, create an Employee and link it here.",医療従事者の給与計算やその他のHRMS操作を追跡したい場合は、従業員を作成し、ここにリンクしてください。,
"If you wish to override default accounts settings and configure the Income and Receivable accounts for Healthcare, you can do so here.",デフォルトの会計設定を上書きし、医療用の収入勘定と売掛金勘定を設定したい場合は、ここで設定できます。,
"If your Healthcare facility bills registrations of Patients, you can check this and set the Registration Fee in the field below. Checking this will create new Patients with a Disabled status by default and will only be enabled after invoicing the Registration Fee.",医療施設が患者の登録を請求する場合、これをチェックし、以下のフィールドで登録料を設定できます。これをチェックすると、新しい患者はデフォルトで無効ステータスで作成され、登録料が請求された後にのみ有効になります。,
Image,画像,
Imaging,画像診断,
Imaging Toggle,画像診断切り替え,
Immutable,不変,
Immutable ,変更不可 ,
In Months,月単位,
In Process,処理中,
In Progress,進行中,
In minutes,分単位,
In print,印刷中,
In-Process IP Orders,処理中のIP注文,
Income Account,収入勘定,
Incomplete Services,未完了サービス,
Indicates the mechanism used to compare versions to determine which is more current.,バージョンを比較して、どちらがより新しいかを判断するために使用されるメカニズムを示します。,
"Information to help easily interpret the test report, will be printed as part of the Lab Test result.",検査レポートを容易に解釈するための情報で、検査結果の一部として印刷されます。,
Inpatient,入院患者,
Inpatient Billables,入院請求可能項目,
Inpatient Consulting Charge is mandatory if you are setting Inpatient Consulting Charge Item,入院コンサルティング料金品目を設定する場合、入院コンサルティング料金は必須です。,
Inpatient Details,Inpatient詳細,
Inpatient Medication Entry,入院投薬入力,
Inpatient Medication Entry Detail,Inpatient Medication Entry詳細,
Inpatient Medication Order,入院投薬指示,
Inpatient Medication Order Entry,入院投薬指示入力,
Inpatient Medication Orders,入院投薬指示,
Inpatient Medication Orders updated successfully,入院投薬指示が正常に更新されました,
Inpatient Occupancy,入院占有率,
Inpatient Record,入院記録,
Inpatient Record Item,入院記録品目,
Inpatient Settings,Inpatient設定,
Inpatient Status,入院ステータス,
Inpatient Visit Charge,入院診察料,
Inpatient Visit Charge Item,入院診察料品目,
Instance Order,インスタンス順序,
Instructions,指示,
Instructions to be printed on the worksheet,ワークシートに印刷する指示,
Insufficient Data,データ不足,
Insufficient Stock,在庫不足,
Insurance,保険,
Insurance ,保険 ,
Insurance Claim,保険請求,
Insurance Claim Coverage,保険請求カバー範囲,
Insurance Claim Credit Days,保険請求信用日数,
Insurance Claim Details,Insurance Claim詳細,
Insurance Claim Status,保険請求ステータス,
Insurance Claim already submitted for Insurance Coverages<br>{},保険カバー範囲に対して保険請求が既に提出されています<br>{},
Insurance Coverage,保険カバー範囲,
Insurance Coverage Posting Date,保険カバー範囲計上日,
Insurance Coverage not created!<br>Not supported as <b>Automate Appointment Invoicing</b> enabled,保険カバー範囲が作成されませんでした！<br><b>予約請求の自動化</b>が有効になっているためサポートされていません,
"Insurance Coverage {} - {}<br>Discount: {}%, Coverage: {}%",保険カバー範囲 {} - {}<br>割引: {}%、カバー範囲: {}%,
Insurance Details,Insurance詳細,
Insurance Eligibility Plan,保険適用資格プラン,
Insurance Eligibility not found for Item {}.,品目 {} の保険適用資格が見つかりません。,
Insurance Payor,保険支払者,
Insurance Payor Contract,保険支払者契約,
Insurance Payor Eligibility Plan,保険支払者適用資格プラン,
Insurance Payor Name,Insurance Payor名,
Insurance Plan,保険プラン,
Insurance Policy,保険証券,
Insurance Policy Details,Insurance Policy詳細,
Insurance Setup,保険設定,
Intent,意図,
Intermediate,中級,
Internal,内部,
Interpretation,解釈,
Interpretation Template,Interpretationテンプレート,
Interval,間隔,
Interval UOM,間隔単位,
Intervention,介入,
Introduction to Healthcare Practitioner,医療従事者の紹介,
"Invalid Claim Amount, row #{}","無効なClaim Amount, row #{}",
Invalid Coverage / Discount percentage,無効なCoverage / Discount percentage,
"Invalid Coverage Percent {}, cannot submit Insurance Coverage as Approved","無効なCoverage Percent {}, cannot submit Insurance Coverage as Approved",
Invalid Healthcare Service Unit,無効なHealthcare Service Unit,
Invalid Insurance Policy,無効なInsurance Policy,
Invalid Number of Service Units,無効なNumber of Service Units,
Invalid Quantity,無効な数量,
"Invalid Service Template, Insurance Coverage can only be created for Templates marked <b>Is Billable</b>","無効なService Template, Insurance Coverage can only be created for Templates marked <b>Is Billable</b>",
"Invalid Service Template, Item is required to create Insurance Coverage","無効なService Template, Item is required to create Insurance Coverage",
Investigations,検査,
"Investigations, Therapy & Procedures",検査、治療、処置,
Invite as User,ユーザーとして招待,
Invoice Consumables Separately,消耗品を個別に請求,
Invoice Discount %,請求書割引率 %,
Invoice Discount Amount,請求書割引金額,
Invoice Patient Registration,患者登録を請求,
Invoice Separately as Consumables,消耗品として個別に請求,
Invoiced,請求済,
Invoiced Quantity and Invoiced Amount cannot be more than Claim Quantity {} and Claim Amount {},請求済数量と請求済金額は、請求数量 {} および請求金額 {} を超えることはできません。,
Is Active,有効,
Is Billable,請求可能,
Is Combination,組み合わせ,
Is FHIR Defined,FHIR定義済み,
Is Group,グループ,
Is Inpatient,入院患者,
Is OT,OT,
Is Order Completed,注文完了済み,
Is Stock Item,在庫品目,
Italic,斜体,
Item,品目,
Item <b>{}</b> has been already used in <b><a href='/app/medication/{}'>Medication</a></b>,品目 <b>{}</b> は、<b><a href='/app/medication/{}'>投薬</a></b>ですでに使用されています,
Item Code,品目コード,
Item Code (Drug),品目コード (薬剤),
Item Description,品目説明,
Item Details,品目詳細,
Item Eligibility overlaps with {eligibility},品目の適用資格が {eligibility} と重複しています,
Item Group,品目グループ,
Item Insurance Eligibility,品目保険適用資格,
Item Name,品目名,
Item Price for Item {} not found,Item Price for Item {}が見つかりません,
Item with Item Code {0} already exists,Item with Item Code {0}は既に存在します,
Item {0} is not active,品目 {0} は有効ではありません,
Items,品目,
Join video conference with {0},{0} とビデオ会議に参加,
Journal Entry,仕訳伝票,
LOINC,LOINC,
Lab Prescription,検査処方,
Lab Routine,検査ルーチン,
Lab Technician,検査技師,
Lab Technician Designation,検査技師の役職,
Lab Technician Name,Lab Technician名,
Lab Test,検査,
Lab Test Group Template,Lab Test Groupテンプレート,
Lab Test Item {0} already exist,検査項目 {0} は既に存在します,
Lab Test Name,Lab Test名,
Lab Test Report,Lab Testレポート,
Lab Test Sample,検査サンプル,
Lab Test Template,Lab Testテンプレート,
Lab Test UOM,検査単位,
Lab Test is already created,検査は既に作成されています,
Lab Test {0} already created from service request {1},検査 {0} はサービスリクエスト {1} から既に作成されています,
Lab Test(s) {0} created successfully,検査 {0} が正常に作成されました,
Lab Tests,検査,
LabTest Approver,検査承認者,
Laboratory,検査室,
Laboratory (Legacy),検査室 (レガシー),
Laboratory SMS Alerts,検査室SMSアラート,
Laboratory Settings,Laboratory設定,
Laboratory Setup,検査室セットアップ,
Laboratory User,検査室ユーザー,
Last Name,最終名,
Left,左,
Let's Set Up the Healthcare Module.,ヘルスケアモジュールをセットアップしましょう。,
Letter Head,レターヘッド,
Level,レベル,
Link Customer to Patient,顧客を患者にリンク,
Link Existing Item,既存の品目をリンク,
Link existing Item,既存の品目をリンク,
"Link the Google Calendar created and Authorized by the practitioner, all tele consultation appointments will be scheduled using this calendar",施術者によって作成および承認されたGoogleカレンダーをリンクしてください。すべての遠隔診療予約はこのカレンダーを使用してスケジュールされます,
Linked Item,リンクされた品目,
Linked Item Details,Linked Item詳細,
Linked Items,リンクされた品目,
Linked Party (Customer),リンクされた取引先 (顧客),
Loading...,読み込み中...,
Location,場所,
Long Interpretation,長文解釈,
Low Sensitivity,低感度,
Make Payment,支払いを行う,
Make Stock Entry,在庫入力を作成,
Male,男性,
Mandatory,必須,
Mandatory Results,必須の結果,
Manual,手動,
Manual approval required for Insurance Coverage {},保険適用 {} には手動承認が必要です,
Manufacturer,製造元,
Marital Status,婚姻状況,
Mark Approved,承認済みにする,
Mark Collected,収集済みにする,
Mark Draft,下書きにする,
Mark Rejected,却下済みにする,
Marking Collected...,収集済みにしています...,
Married,既婚,
Masters,マスター,
Max number of visit,最大訪問回数,
Maximum Appointments,最大予約数,
Maximum Capacity:,最大容量:,
Maximum Number of Appointments (Nos),最大予約数 (件),
Maximum Quantity Exceeded,最大数量を超過しました,
Maximum appointments cannot be more than {0} in row #{1},行 #{1} の最大予約数は {0} を超えることはできません,
Maximum billable quantity exceeded by {0},最大請求可能数量が {0} を超過しました,
Medical Codes,医療コード,
Medical Coding,医療コーディング,
Medical Department,診療科,
Medical History,病歴,
Medical Record,診療記録,
Medical Records,診療記録,
Medical Value,医療値,
Medical history,病歴,
Medication,薬剤,
Medication Class,薬剤クラス,
Medication Details,Medication詳細,
Medication Entry,薬剤入力,
Medication Ingredient,薬剤成分,
Medication Item,薬剤品目,
Medication Item wise Sales,薬剤品目別売上,
Medication Linked Item,薬剤リンク品目,
Medication Order,薬剤指示,
Medication Orders,薬剤指示,
Medication Request,薬剤要求,
Medication Request Status,薬剤要求ステータス,
Medication Request Status Codes.,薬剤要求ステータスコード。,
Medication Request(s) Created,薬剤要求が作成されました,
Medication Requests,薬剤要求,
Medication Warehouse,薬剤倉庫,
Medication:,薬剤:,
Medications,薬剤,
Method,メソッド,
Method Value,メソッド値,
Middle Name,Middle名,
Middle Name (Optional),ミドルネーム (任意),
Middle Name (optional),ミドルネーム (任意),
Minimum Billable Quantity,最小請求可能数量,
Missing Configuration,設定が不足しています,
Missing Insurance Policy,保険証券がありません,
Missing Mandatory Fields,必須項目が不足しています,
Missing Required Fields,必須項目が不足しています,
"Missing required details, did not create Inpatient Record",必要な詳細が不足しているため、入院記録を作成できませんでした,
Mobile,モバイル,
Mobile No,携帯電話番号,
Mobile Number,携帯電話番号,
Mode of Approval,承認方法,
Mode of Payment,支払方法,
Moderate Sensitivity,中感度,
Monday,月曜日,
Monday ,月曜日 ,
Month,月,
Month(s),月,
Monthly,月次,
Monthly Therapy Sessions: ,月次治療セッション: ,
Months,ヶ月,
More Info,詳細情報,
More Information,詳細情報,
More info,詳細情報,
Mother,母親,
My Account,マイアカウント,
Name of Insurance Plan,保険プラン名,
Naming,命名,
Naming Series,採番シリーズ,
Naming Series for Insurance Coverage Journal Entry,保険適用仕訳伝票の採番シリーズ,
National Drug Code,全国医薬品コード,
Never,しない,
New ${frm.doc.task_doctype},新規${frm.doc.task_doctype},
New Clinical Note,新規Clinical Note,
New Medication,新規Medication,
New Medication Request,新規Medication Request,
New Observation,新規Observation,
New Service Request,新規Service Request,
New Service Unit Name,New Service Unit名,
Nightly generate billable from Inpatient Occupancy,入院占有率から夜間に請求可能額を生成,
No,いいえ,
No Clinical Notes,診療記録なし,
No Data,データなし,
No Data...,データなし...,
No Drug Shortage,医薬品不足なし,
No Inpatient Record found against patient {0},患者 {0} の入院記録が見つかりません,
No Insurance Claim Coverages in Approved status to create Payment Entry,入出金伝票を作成するための承認済ステータスの保険請求適用範囲はありません,
No Lab Tests created,臨床検査が作成されていません,
No Lab Tests found for the Patient {0},患者 {0} の臨床検査が見つかりません,
No Letterhead,レターヘッドなし,
No Medication Requests,薬剤依頼なし,
No Observations,観察記録なし,
No Prescribed Procedures found for the selected Patient,選択された患者の処方された処置が見つかりません,
No Result,結果なし,
No Service Requests,サービスリクエストなし,
No Show,無断欠席,
No active Insurance Contract for Company {0} with Insurance Payor {1},会社 {0} と保険支払者 {1} の間で有効な保険契約はありません,
"No matching Patient Insurance Coverages found, please check the filters",一致する患者保険適用範囲が見つかりません。フィルターを確認してください,
No more records..,これ以上記録はありません..,
No of Sessions,セッション数,
No pending medication orders found for selected criteria,選択された条件の保留中の薬剤オーダーが見つかりません,
No slots available for booking,予約可能なスロットがありません,
No valid contract found with the Insurance Payor {0},保険支払者 {0} との有効な契約が見つかりません,
No. of prints,印刷枚数,
Non numeric result {0} is not allowed for Permitted Data Type {1},非数値の結果 {0} は、許可されたデータタイプ {1} では許可されていません,
Non numeric result {0} is not allowed for Permitted Type {1},非数値の結果 {0} は、許可されたタイプ {1} では許可されていません,
Normal,通常,
Normal Condition,通常の状態,
Normal From,正常範囲（開始）,
Normal Interpretation,正常な解釈,
Normal Long Interpretation,正常な詳細解釈,
Normal Options,通常のオプション,
Normal Range,正常範囲,
Normal Ratio,正常比率,
Normal Test Result,正常な検査結果,
Normal Test Template,Normal Testテンプレート,
Normal To,正常範囲（終了）,
Normal Toggle,通常の切り替え,
Normal Value,正常値,
Normal reference range for an adult is 16–20 breaths/minute (RCP 2012),成人の正常基準範囲は1分あたり16～20回呼吸です (RCP 2012),
"Normal resting blood pressure in an adult is approximately 120 mmHg systolic, and 80 mmHg diastolic, abbreviated ""120/80 mmHg""",成人の安静時血圧の正常値は、おおよそ収縮期120 mmHg、拡張期80 mmHgであり、「120/80 mmHg」と略されます,
Not Active,非アクティブ,
Not Allowed,許可されていません,
Not Allowed to 'Complete' Nursing Task without linking Task Document,タスクドキュメントをリンクせずに看護タスクを「完了」することは許可されていません,
Not Allowed to cancel Nursing Task with status 'Completed',ステータスが「完了」の看護タスクをキャンセルすることは許可されていません,
"Not Allowed to delete coverage after submission, please update the Coverage status instead",提出後に適用範囲を削除することは許可されていません。代わりに適用範囲のステータスを更新してください,
Not Available,利用不可,
Not Found,見つかりません,
Not Started,未開始,
Not Therapies Prescribed,処方された治療法なし,
Not allowed to print this document.,このドキュメントを印刷することは許可されていません。,
"Not allowed, cannot overlap appointment {}",許可されていません。予約 {} と重複することはできません,
"Not allowed, {} cannot exceed maximum capacity {}",許可されていません。{} は最大容量 {} を超えることはできません,
Not permitted,許可されていません,
"Not permitted, configure Lab Test Template as required",許可されていません。必要に応じて臨床検査テンプレートを設定してください,
Not permitted. Please disable the Lab Test Template,Not permitted. Please disable the Lab Testテンプレート,
Not permitted. Please disable the Service Unit Type,Not permitted. Please disable the Service Unit種類,
Note,注記,
Notes,注記,
"Notes, Tasks & Vitals",注記、タスク、バイタル,
Number,番号,
Number Of Repeats Allowed,許可される繰り返し回数,
Number of Patient Encounters in Valid Days,有効日数内の患者診察回数,
Number of Service Units,サービスユニット数,
Number of Service Units to be created should at least be 1,作成するサービスユニット数は少なくとも1である必要があります,
Number of prints required for labelling the samples,サンプルにラベルを貼るために必要な印刷枚数,
Numeric,数値,
Nursing,看護,
Nursing Checklist Template,Nursing Checklistテンプレート,
Nursing Checklist Template Task,看護チェックリストテンプレートタスク,
Nursing Task,看護タスク,
Nursing Task cannot be 'Draft' after submission,提出後、看護タスクを「下書き」にすることはできません,
Nursing Tasks,看護タスク,
Nursing Tasks Created,作成された看護タスク,
Nursing User,看護ユーザー,
Nutrition Values,栄養値,
O Negative,O型Rh-,
O Positive,O型Rh+,
OID,OID,
OP & IP,外来・入院,
OP Consulting Charge,外来診察料,
"OTP Generation Failed, Please try again later",OTP生成に失敗しました。後でもう一度お試しください,
Obese,肥満,
Observation,観察,
Observation Category,観察カテゴリ,
Observation Category codes.,観察カテゴリコード。,
Observation Component,観察コンポーネント,
Observation Method,観察方法,
Observation Reference Range,観察基準範囲,
Observation Sample Collection,観察サンプル採取,
Observation Status,観察ステータス,
Observation Template,Observationテンプレート,
Observation Template '{0}' cannot be added as a component of itself.,観察テンプレート '{0}' はそれ自身のコンポーネントとして追加できません。,
Observation idx,観察インデックス,
ObservationCategory,ObservationCategory,
ObservationStatus,ObservationStatus,
Observations,観察記録,
"Observations generated by imaging. The scope includes observations regarding plain x-ray, ultrasound, CT, MRI, angiography, echocardiography, and nuclear medicine.",画像診断によって生成された観察記録。範囲には、単純X線、超音波、CT、MRI、血管造影、心エコー検査、核医学に関する観察記録が含まれます。,
"Observations generated by non-interventional treatment protocols (e.g. occupational, physical, radiation, nutritional and medication therapy)",非侵襲的治療プロトコルによって生成された観察記録（例：作業療法、理学療法、放射線療法、栄養療法、薬物療法）,
"Observations generated by other procedures. This category includes observations resulting from interventional and non-interventional procedures excluding laboratory and imaging (e.g., cardiology catheterization, endoscopy, electrodiagnostics, etc.). Procedure results are typically generated by a clinician to provide more granular information about component observations made during a procedure. An example would be when a gastroenterologist reports the size of a polyp observed during a colonoscopy.",その他の処置によって生成された観察記録。このカテゴリには、臨床検査および画像診断を除く侵襲的および非侵襲的処置（例：心臓カテーテル検査、内視鏡検査、電気診断など）から生じる観察記録が含まれます。処置結果は通常、処置中に行われた構成要素の観察に関するより詳細な情報を提供するために臨床医によって生成されます。例としては、消化器内科医が結腸内視鏡検査中に観察されたポリープのサイズを報告する場合などです。,
Observations generated by physical exam findings including direct observations made by a clinician and use of simple instruments and the result of simple maneuvers performed directly on the patient's body.,臨床医による直接観察、簡単な器具の使用、および患者の身体に直接行われた簡単な操作の結果を含む、身体診察所見によって生成された観察記録。,
"Observations that measure or record any bodily activity that enhances or maintains physical fitness and overall health and wellness. Not under direct supervision of practitioner such as a physical therapist. (e.g., laps swum, steps, sleep data)",身体の健康と全体的な健康状態を向上または維持するあらゆる身体活動を測定または記録する観察記録。理学療法士などの医療従事者の直接の監督下にはありません。（例：水泳のラップ数、歩数、睡眠データ）,
"Observations that measure or record any bodily activity that enhances or maintains physical fitness and overall health and wellness. Not under direct supervision of practitioner such as a physical therapist. (e.g., laps swum, steps, sleep data.)",身体の健康と全体的な健康状態を向上または維持するあらゆる身体活動を測定または記録する観察記録。理学療法士などの医療従事者の直接の監督下にはありません。（例：水泳のラップ数、歩数、睡眠データ。）,
Occupancy Status,入居状況,
Occupation,職業,
Occupational Hazards and Environmental Factors,職業上の危険と環境要因,
Occupational hazards,職業上の危険,
Occupied,使用中,
Occurrence As Needed,必要に応じて発生,
Occurrence Date,発生日,
Occurrence Time,発生時刻,
Official URL,公式URL,
Old Parent,旧親,
On Hold,保留中,
One Sided,片面,
Only Insurance Coverages in Status <b>Approved</b> or <b>Rejected</b> can be submitted,ステータスが<b>承認済</b>または<b>却下</b>の保険適用範囲のみ提出できます,
"Only applicable to status codes, all status codes are mapped to one of the codes defined as part of Resource Status (The master set of status codes used throughout FHIR)",ステータスコードにのみ適用されます。すべてのステータスコードは、リソースステータス（FHIR全体で使用されるステータスコードのマスターセット）の一部として定義されたコードのいずれかにマッピングされます。,
Open,未処理,
Open Appointments,未完了の予約,
Open Diagnostic Reports,未完了の診断レポート,
Open Item {0},未完了品目 {0},
Open Medication {0},未完了の薬剤 {0},
Option,オプション,
"Optional, if you want to manage stock separately for this Service Unit",オプション。このサービスユニットの在庫を個別に管理したい場合。,
"Optional, set this <i>only</i> if you want to restrict this coverage to Patients subscribed to an Insurance Plan (Insurance Policy for the Patient should have the Coverage Plan selected).",オプション。この適用範囲を保険プランに加入している患者にのみ制限したい場合に<i>のみ</i>設定してください（患者の保険証券には適用プランが選択されている必要があります）。,
Options,オプション,
Order,注文,
Order Admission,入院指示,
Order Date,指示日,
Order Description,指示説明,
Order Details,注文詳細,
Order Discharge,退院指示,
Order Group,指示グループ,
Order Group (Encounter),指示グループ (診察),
Order Group Reference,指示グループ参照,
Order Group Type,Order Group種類,
Order History,指示履歴,
Order ID,指示ID,
Order Item Code,指示品目コード,
Order Name:,指示名:,
Order Reference DocType,指示参照DocType,
Order Reference Name,Order Reference名,
Order Source,指示元,
Order Specifications,指示仕様,
Order Template,注文テンプレート,
Order Template Type,Order Template種類,
Order Template Type and Order Template are mandatory to create Service Request,サービスリクエストを作成するには、指示テンプレートタイプと指示テンプレートが必須です,
Order Time,指示時刻,
Order Type:,指示タイプ:,
Ordered,発注済,
Ordered by Practitioner,医療従事者による指示,
Ordered by Practitioner Name,Ordered by Practitioner名,
Orders,注文,
Orders Created from Treatment Counselling,治療カウンセリングから作成された指示,
Orders Html,指示HTML,
Organism,生物,
Organism Test Item,生物検査項目,
Organism Test Result,生物検査結果,
Original Order,元の指示,
Other,その他,
Other Details,その他詳細,
Other Risk Factors,その他のリスク要因,
Other risk factors,その他のリスク要因,
Others,その他,
Out Patient Consulting Charge,外来診察料,
Out Patient Consulting Charge Item,外来診察料項目,
Out Patient SMS Alerts,外来患者SMSアラート,
Out Patient SMS alerts,外来患者SMSアラート,
Outpatient,外来,
Outpatient Consulting Charge is mandatory if you are setting Outpatient Consulting Charge Item,外来診察料項目を設定する場合、外来診察料は必須です,
Outpatient Settings,Outpatient設定,
Outpatient Setup,外来設定,
Outstanding,未回収,
Outstanding Amount,未回収金額,
Outstanding Claims,未回収の請求,
Outstanding Claims Value,未回収の請求額,
Overlaps with another Availability: ,別の利用可能時間と重複します: ,
Overlaps with another Unvailability: ,別の利用不可時間と重複します: ,
Overrides the Default Price List in Insurance Payor Contract,保険支払者契約のデフォルト価格表を上書きします,
Overweight,過体重,
Page not found,ページが見つかりません,
Paid,支払済,
Paid Amount,支払済金額,
Paid Claims,支払済の請求,
Paid Claims Value,支払済の請求額,
Parameter,パラメータ,
Parameters,パラメータ,
Parent Observation,親観察,
Parent Service Unit,親サービスユニット,
Partially Approved,部分的に承認済,
Particulars,詳細,
Partly Collected,一部回収済,
Partly Invoiced,一部請求済,
Party (Customer),取引先 (顧客),
Passive,受動的,
Patient,患者,
Patient <b>{0}</b> is not linked to a Customer,患者 <b>{0}</b> は顧客にリンクされていません,
Patient <b>{0}</b> is not linked to a Customer <b><a href='/app/Form/Patient/{1}'>{1}</a></b>,患者 <b>{0}</b> は顧客 <b><a href='/app/Form/Patient/{1}'>{1}</a></b> にリンクされていません,
Patient Age,患者年齢,
Patient Age From,患者年齢 (開始),
Patient Age From cannot be less than 0,患者年齢 (開始) は0未満にすることはできません,
Patient Age To,患者年齢 (終了),
Patient Age To cannot be less than 0,患者年齢 (終了) は0未満にすることはできません,
Patient Age To cannot be less than Patient Age From,患者年齢 (終了) は患者年齢 (開始) より小さくすることはできません,
Patient Appointment,患者予約,
Patient Appointment Analytics,患者予約分析,
Patient Appointment is already created,患者予約はすでに作成されています,
Patient Appointments,患者予約,
Patient Assessment,患者評価,
Patient Assessment Detail,Patient Assessment詳細,
Patient Assessment Parameter,患者評価パラメータ,
Patient Assessment Sheet,患者評価シート,
Patient Assessment Template,Patient Assessmentテンプレート,
Patient Care Type,Patient Care種類,
Patient Consent Template,Patient Consentテンプレート,
Patient Consent To Use Aadhaar For ABHA Creation,ABHA作成のためのAadhaar使用に関する患者の同意,
Patient Consent is required for ABHA creation,ABHA作成には患者の同意が必要です,
Patient Demographics,患者人口統計,
Patient Details,Patient詳細,
Patient Encounter,患者診察,
Patient Encounter Diagnosis,患者診察診断,
Patient Encounter Symptom,患者診察症状,
Patient Gender,患者性別,
Patient History,患者履歴,
Patient History Custom Document Type,Patient History Custom Document種類,
Patient History Settings,Patient History設定,
Patient History Standard Document Type,Patient History Standard Document種類,
Patient Instructions,患者指示,
Patient Insurance Coverage,患者保険適用範囲,
Patient Insurance Coverage Details,Patient Insurance Coverage詳細,
Patient Insurance Policy,患者保険証券,
Patient Insurance Policy is required to create Insurance Coverage,保険適用範囲を作成するには患者保険証券が必要です,
Patient Insurance Policy {} is not valid as on {},患者保険証券 {} は {} 時点で有効ではありません,
Patient Medical Record,患者医療記録,
Patient Medical Record can only be created for submittable document types.,患者医療記録は、提出可能な文書タイプに対してのみ作成できます。,
Patient Name,Patient名,
Patient Name By,患者名 (による),
Patient Payable,患者支払額,
Patient Portal,患者ポータル,
Patient Prescriptions,患者処方箋,
Patient Profile,患者プロフィール,
Patient Progress,患者進捗,
Patient Registration,患者登録,
Patient Relation,患者関連,
Patient already exist,患者はすでに存在します,
Patient already has an appointment booked for the same day!,患者はすでに同日の予約を持っています！,
Patient already has an appointment {} booked for {} on {},患者はすでに{}に{}の予約{}を持っています,
Patient and Policy Details,Patient and Policy詳細,
Patient has fee validity till,患者の料金有効期限はまでです,
Patient has no fee validity,患者は料金有効期限がありません,
Patient not found,Patientが見つかりません,
Patient referral requests created successfully,患者紹介リクエストが正常に作成されました,
Patient {0} already has an Insurance Policy {1} with the same Policy Number {2},患者{0}は、同じ保険証券番号{2}の保険証券{1}をすでに持っています,
Patient {0} already has an active insurance policy {1} with the coverage plan {2} for this period,患者{0}は、この期間に補償プラン{2}のアクティブな保険証券{1}をすでに持っています,
Patient {0} is not admitted in the service unit {1},患者{0}はサービスユニット{1}に入院していません,
"Patients, Practitioner Schedules, Settings, and more.",患者、医師のスケジュール、設定など,
Payment Account,支払勘定科目,
Payment Details,支払い詳細,
Payment Entry,入出金伝票,
Payment Entry against Insurance Coverages {} via Insurance Claim {},保険請求{}を介した保険適用{}に対する入出金伝票,
Payment Gateway,決済ゲートウェイ,
Payment ID,支払ID,
Payment Required,支払いが必要です,
Payment Settings,支払い設定,
Payment for Doctype,DocTypeの支払い,
Payment for Document,ドキュメントの支払い,
Payments,支払い,
Payments app is not installed,支払いアプリがインストールされていません,
Payor Contract,支払者契約,
Pending,保留中,
Pending IP Medications,保留中の入院患者向け投薬,
Pending Review,レビュー保留中,
Pending Sample Collection,検体採取保留中,
Pending Sessions,保留中のセッション,
Pending Therapy Plans,保留中の治療計画,
"Perform the service only if there is a need. For example ""pain"", ""on flare-up"", etc.",必要に応じてのみサービスを実行してください。例：「痛み」、「再燃時」など。,
Period,期間,
Period:,期間:,
Permitted Data Type,Permitted Data種類,
Permitted Unit,許可された単位,
Personal Details,個人詳細,
Personal and Social History,個人および社会歴,
Phone,電話番号,
Phone (Office),電話 (オフィス),
Phone (R),電話 (自宅),
Physical Examination,身体診察,
Physician,医師,
Plan,プラン,
Plan & Assessment,計画と評価,
Plan Conditions,計画条件,
Plan Name,プラン名,
Planned Sessions,計画されたセッション,
Planned vs Actual Therapy Session,計画された治療セッションと実際の治療セッション,
Please Configure Clinical Procedure Consumable Item in {0},{0}で臨床処置消耗品目を設定してください,
Please complete linked Nursing Tasks before submission: {},提出前にリンクされた看護タスクを完了してください: {},
Please enable Allow Negative Stock in Stock Settings or create Stock Entry to proceed.,続行するには、在庫設定で「マイナス在庫を許可」を有効にするか、在庫伝票を作成してください。,
Please enable pop-ups,ポップアップを有効にしてください,
Please enter Item Code to get Batch Number,Item Code to get Batch Numberを入力してください,
Please enter result for all components to Approve.,result for all components to Approveを入力してください,
Please enter result to Approve.,result to Approveを入力してください,
Please enter {},{}を入力してください,
Please first select the rows you want to update,まず更新したい行を選択してください,
Please save the patient first,まず患者を保存してください,
Please select Drug,Drugを選択してください,
Please select Healthcare Service,Healthcare Serviceを選択してください,
Please select Patient,Patientを選択してください,
Please select Patient first,Patient firstを選択してください,
Please select Patient to get Lab Tests,Patient to get Lab Testsを選択してください,
Please select Patient to get prescribed procedure,Patient to get prescribed procedureを選択してください,
Please select a Medication,a Medicationを選択してください,
Please select a Patient Encounter to get from,a Patient Encounter to get fromを選択してください,
Please select a Patient first,a Patient firstを選択してください,
Please select a Patient to be invoiced,a Patient to be invoicedを選択してください,
Please select a patient first,a patient firstを選択してください,
Please select a service request.,a service requestを選択してください,
Please select a valid Date,a valid Dateを選択してください,
Please select atleast one specimen!,atleast one specimen!を選択してください,
Please select patient,patientを選択してください,
Please set Customer in Patient {0},患者{0}に顧客を設定してください,
Please set a Customer linked to the Patient,患者にリンクされた顧客を設定してください,
Please set a valid Service Unit Capacity to enable Overlapping Appointments,重複予約を有効にするには、有効なサービスユニットキャパシティを設定してください,
"Please set defaults for Customer Group, Territory and Selling Price List in Selling Settings","Please set defaults for Customer Group, Territory and Selling Price List in Selling設定",
Please set the Paid Amount first,まず支払金額を設定してください,
Please submit a Discharge Summary to proceed with discharging the patient.,患者の退院手続きを進めるには、退院サマリーを提出してください。,
Policy,ポリシー,
Policy Expiry Date,ポリシー有効期限,
Policy Number,ポリシー番号,
Portal Image,ポータル画像,
Position In Queue,キュー内の位置,
"Position In Queue after ""Check In""",「チェックイン」後のキュー内の位置,
Post-Op,術後,
Post-op Nursing Checklist Template,Post-op Nursing Checklistテンプレート,
Posting Date,転記日,
Posting Date Based on,転記日基準,
Practitioner,医師,
Practitioner Availability,医師の空き状況,
Practitioner Availability End time must be after Start time.,医師の空き状況の終了時刻は開始時刻より後である必要があります。,
Practitioner Availability Start and End times are required.,医師の空き状況の開始時刻と終了時刻は必須です。,
Practitioner Availability:,医師の空き状況:,
Practitioner Email,医師のメールアドレス,
Practitioner Name,Practitioner名,
Practitioner Primary Address,医師の主住所,
Practitioner Primary Contact,医師の主連絡先,
Practitioner Schedule,医師のスケジュール,
Practitioner Schedule Not Found,医師のスケジュールが見つかりません,
Practitioner Schedule:,医師のスケジュール:,
Practitioner Schedules,医師のスケジュール,
Practitioner Service Unit Schedule,医師のサービスユニットスケジュール,
Practitioner Type,Practitioner種類,
Practitioner {0} does not have a Practitioner Schedule assigned.,医師{0}には医師のスケジュールが割り当てられていません。,
Practitioner {0} does not have a Service Unit set against the Practitioner Schedule {1}.,医師{0}には、医師のスケジュール{1}に対してサービスユニットが設定されていません。,
Practitioners,医師,
Pre-Op,術前,
Pre-op Nursing Checklist Template,Pre-op Nursing Checklistテンプレート,
Preferred Display Name,Preferred Display名,
Pregnant,妊娠中,
Preliminary,予備,
Prescribed Procedures,処方された処置,
Prescribed Therapies,処方された治療,
Prescription,処方箋,
Prescription Dosage,処方量,
Prescription Duration,処方期間,
Prescriptions,処方箋,
Presence of a fever (temp &gt; 38.5 °C/101.3 °F or sustained temp &gt; 38 °C/100.4 °F),発熱の有無 (体温 &gt; 38.5 °C/101.3 °F または持続的な体温 &gt; 38 °C/100.4 °F),
Preventive,予防,
Price List,価格リスト,
Price List Rate,価格表レート,
Primary Address,主住所,
Primary Address and Contact,主住所と連絡先,
Primary Contact,主連絡先,
Print,印刷,
Print Barcode,バーコード印刷,
Print Format,印刷フォーマット,
Print Language,印刷言語,
Print Position,印刷位置,
Print {0},{0}を印刷,
Printed,印刷済,
Printed on,印刷日,
Priority,優先度,
Procedure,処置,
Procedure Created,手順作成済,
Procedure Name,Procedure名,
Procedure Prescription,処置処方,
Procedure Template,Procedureテンプレート,
Procedures,処置,
Process Service Request If Billing Status Is Paid,請求ステータスが支払い済の場合にサービスリクエストを処理,
Process Transfer,振替処理,
Processing Inpatient Discharge,入院患者の退院処理,
Processing Patient Admission,患者の入院処理,
"Properties of the linked Item, you may further configure Batch Number and Expiry, Serial Number, Shelf Life etc. in the Item master",リンクされた品目のプロパティ。品目マスターで、バッチ番号と有効期限、シリアル番号、貯蔵寿命などをさらに設定できます。,
Proposal,提案,
PublicationStatus,公開ステータス,
Qty,数量,
Quantity,数量,
Quantity Invoiced,請求済数量,
Quantity not available for the following items in warehouse {0}. ,倉庫 {0} の以下の品目について、数量が利用できません。 ,
Quantity:,数量:,
Quarterly,四半期ごと,
Range,範囲,
Rate,単価,
Rate / UOM,単価 / 単位,
Ratio,比率,
Ready,準備完了,
Reason,理由,
Reason For Rejection,却下理由,
Reason Reference,理由参照,
Reason Reference DocType,理由参照ドキュメントタイプ,
Reason Required,理由必須,
Reason for Cancellation,キャンセル理由,
Receivable Account,売掛金勘定,
Receivable Account is entered more than once for same Company,同じ会社に対して売掛金勘定が複数回入力されています,
Receivable Account not configured for Insurance Payor,保険支払者に対して売掛金勘定が設定されていません,
Received,受信済,
Received Time,受領時刻,
Records,記録,
Records and History,記録と履歴,
Ref DocName,参照ドキュメント名,
Ref DocType,参照ドキュメントタイプ,
Refer,紹介,
Refer Patient,患者紹介,
Reference,参照,
Reference Appointments,参照予約,
Reference Child,参照子,
Reference Doc,参照ドキュメント,
Reference DocType,参照ドキュメントタイプ,
Reference Docname,参照ドキュメント名,
Reference Doctype,参照ドキュメントタイプ,
Reference Name,参照名,
Reference Owner,参照所有者,
Reference Posting Date,参照転記日,
Reference Range,参照範囲,
Reference Ranges,参照範囲,
Reference Sales Invoice,参照売上請求書,
Reference Text,参照テキスト,
Reference Type,参照種類,
Reference URL,参照URL,
References,参照,
Referral,紹介,
Referred to Practitioner,開業医に紹介済,
Referring Practitioner,紹介元開業医,
Reflex Order,反射オーダー,
Reflexes,反射,
Register,登録,
Registered,登録済,
Registration Fee,登録料,
Registration Fee cannot be negative or zero,登録料は負またはゼロにすることはできません,
Registration Item,登録品目,
Registration Message,登録メッセージ,
Registration Successfully. Thank You!,登録が完了しました。ありがとうございます！,
Rehab and Physiotherapy,リハビリテーションと理学療法,
Rehabilitation,リハビリテーション,
Rehabilitation and Physiotherapy,リハビリテーションと理学療法,
Reject,却下,
Rejected,却下,
Rejected Amount,却下金額,
Rejected Claims Expense Account,却下請求経費勘定,
Rejected Claims Expense Account is entered more than once for same company,同じ会社に対して却下請求経費勘定が複数回入力されています,
Rejected Claims Expense account is not configured for Company {},会社 {} に対して却下請求経費勘定が設定されていません,
Relation,関連,
Remind Before,前にリマインド,
Reminded,リマインド済,
Reminder Message,リマインダーメッセージ,
Repeat,繰り返し,
Replaced,置換済,
Report Preference,レポート設定,
Reports,レポート,
Reports & Pages,レポートとページ,
Reports &amp; Masters,レポートとマスター,
Reports and Pages,レポートとページ,
Request,リクエスト,
Request Date,要求日,
Request Details,リクエスト詳細,
Request Name,リクエスト名,
Request Status,要求ステータス,
Request Status Codes.,要求ステータスコード。,
Requested,リクエスト済,
Requested End Time,要求終了時刻,
Requested Start Time,要求開始時刻,
Requesting Department,要求元部署,
Requesting Practitioner,要求元開業医,
Requesting Practitioner Name,Requesting Practitioner名,
Require Result Value,結果値必須,
Reschedule,再スケジュール,
Reschedule Appointment,予約の再スケジュール,
"Reselect, if the chosen address is edited after save",保存後に選択した住所が編集された場合は、再選択してください,
"Reselect, if the chosen contact is edited after save",保存後に選択した連絡先が編集された場合は、再選択してください,
Resistant,耐性,
Respiratory rate,呼吸数,
Respiratory/Pulse Rate,呼吸数/脈拍数,
Response,レスポンス,
Result,結果,
Result Component,結果コンポーネント,
Result Date,結果日,
Result Emailed Message,結果メールメッセージ,
Result Format,結果形式,
Result Interpretation,結果解釈,
Result Legend,結果凡例,
Result Legend Print,結果凡例印刷,
Result Options,結果オプション,
Result Period From,結果期間開始,
Result Period To,結果期間終了,
Result Printed Message,結果印刷メッセージ,
Result Template,結果テンプレート,
Result Value,結果値,
Review Date,レビュー日,
Review Details,詳細を確認,
Revoke,取り消す,
Revoked,取り消されました,
Risk Factors,リスク要因,
Role,ロール,
Routine,定期,
Row #{0} (Drug Prescription): Drug Code is mandatory,Row #{0} (Drug Prescription): Drug Codeは必須です,
Row #{0} (Lab Tests): Observation Template or Lab Test Template is mandatory,Row #{0} (Lab Tests): Observation Template or Lab Test Templateは必須です,
"Row #{0} Item under Insurance Coverage {1}, quantity cannot be more than approved quantity <b>{2}</b>",行 #{0} 保険適用 {1} の品目の数量は、承認済数量 <b>{2}</b> を超えることはできません。,
"Row #{0} Item under Insurance Coverage {1}, rate should be equal to approved rate<b>{2}</b>",行 #{0} 保険適用 {1} の品目の単価は、承認済単価<b>{2}</b> と同じである必要があります。,
Row #{0}: Check Out datetime cannot be less than Check In datetime,行 #{0}: チェックアウト日時がチェックイン日時より前になることはできません,
Row #{0}: Conversion Factor is mandatory,Row #{0}: Conversion Factorは必須です,
Row #{0}: Document Type {1} is not submittable.,行 #{0}: ドキュメントタイプ {1} は提出できません。,
Row #{0}: Field {1} in Document Type {2} is not a Date / Datetime field.,行 #{0}: ドキュメントタイプ {2} のフィールド {1} は日付/日時フィールドではありません。,
Row #{0}: No such Field named {1} found in the Document Type {2}.,行 #{0}: ドキュメントタイプ {2} に {1} という名前のフィールドは見つかりませんでした。,
Row #{0}: Please enter the result value for {1},行 #{0}: {1} の結果値を入力してください,
Row #{0}: Result for Secondary UOM not calculated,行 #{0}: 副UOMの結果が計算されていません,
Row #{1} No Approved Insurance Claim found for Journal Entry {0},行 {1}: 仕訳伝票 {0} の承認済保険請求は見つかりませんでした,
Row {0}: Cannot create Inpatient Medication Entry against cancelled Inpatient Medication Order {1},行 {0}: キャンセルされた入院薬物指示 {1} に対して入院薬物入力を作成することはできません,
Row {0}: This Medication Order is already marked as completed,行 {0}: この薬物指示はすでに完了としてマークされています,
RxNorm,RxNorm,
SMS Sent,SMS送信済,
"SMS not sent, please check SMS Settings","SMS not sent, please check SMS設定",
SNOMED CT,SNOMED CT,
STAT,STAT,
Sales Invoice,売上請求書,
Sales Invoice Item,売上請求書品目,
Sales Invoice Item Amount,売上請求書品目金額,
Sales Invoice Posting Date,売上請求書転記日,
Sales Invoice Reference,売上請求書参照,
Sales Invoice Status,売上請求書ステータス,
Sales Invoice or Patient Encounter is required to create Lab Tests,検査を作成するには、売上請求書または患者診察が必要です。,
Sales Invoice {0} created,売上請求書 {0} が作成されました,
Sample,サンプル,
Sample Collection,検体採取,
Sample Collection Required,検体採取必須,
Sample Collection Time,検体採取時刻,
Sample Collection {0} has been created,Sample Collection {0}が作成されました,
Sample Details,サンプル詳細,
Sample HTML,サンプルHTML,
Sample ID,サンプルID,
Sample Quantity cannot be negative or 0,サンプル数量は負または0にすることはできません,
Sample Status,サンプルステータス,
Sample Type,サンプル種類,
Sample UOM,サンプルUOM,
Samples,サンプル,
Saturday,土曜日,
Save,保存,
Scale Max,スケール最大値,
Scale Maximum,スケール最大値,
Scale Min,スケール最小値,
Scale Minimum,スケール最小値,
Schedule,スケジュール,
Schedule Admission,入院予約,
Schedule Details,スケジュール詳細,
Schedule Discharge,退院予約,
Schedule Name,スケジュール名,
Scheduled,スケジュール済,
Scheduled Billing Time,請求予定時刻,
"Schedules for {0} overlaps, do you want to proceed after skipping overlapped slots ?",{0} のスケジュールが重複しています。重複するスロットをスキップして続行しますか？,
Scheduling Patient Admission,患者入院のスケジュール設定,
Scope,スコープ,
Scope Type,スコープ種類,
Score,スコア,
Score Obtained,取得スコア,
Secondary UOM,副UOM,
Secondary UOM Result,副UOM結果,
Select,選択,
Select Assessment Parameter,評価パラメータを選択,
Select Assessment Template,Select Assessmentテンプレート,
Select Days,日を選択,
Select Document Type,Select Document種類,
Select Fields,フィールドを選択,
Select Insurance Policy,保険契約を選択,
Select Patient,患者を選択,
Select Therapy Type,Select Therapy種類,
Select a Service Request,サービスリクエストを選択,
Select an Item Group for the Clinical Procedure Item.,臨床処置品目の品目グループを選択してください。,
"Select, to make the practitioner searchable with these fields",これらのフィールドで施術者を検索可能にするために選択します,
Selected Fields,選択されたフィールド,
Selected service unit type doesn't have any item linked,選択されたサービスユニットタイプには、リンクされた品目がありません。,
Selling Price List not found. Please configure a valid Price List in the document.,販売価格表が見つかりません。ドキュメントに有効な価格表を設定してください。,
Send,送信,
Send SMS,SMSを送信,
Sending OTP...,OTPを送信中...,
Sensitivity,感度,
Sensitivity Test Result,感度テスト結果,
Sensitivity Toggle,感度切り替え,
Sequence in Order Group,注文グループ内の順序,
Series,連番,
Service,サービス,
Service Definitions,サービス定義,
Service Details,サービス詳細,
Service Request,サービスリクエスト,
Service Request Category,サービスリクエストカテゴリ,
Service Request Defaults,サービスリクエストのデフォルト,
Service Request Reason,サービスリクエスト理由,
Service Request Reason ,サービスリクエスト理由 ,
Service Request need to be invoiced before proceeding,続行する前にサービスリクエストを請求する必要があります。,
Service Request(s) Created,サービスリクエスト作成済,
Service Requests,サービスリクエスト,
Service Template,サービステンプレート,
Service Template Type,Service Template種類,
Service Type,サービス種類,
Service Unit,サービスユニット,
Service Unit Capacity,サービスユニット容量,
Service Unit Name,Service Unit名,
Service Unit Name and Company are mandatory to create Healthcare Service Units,ヘルスケアサービスユニットを作成するには、サービスユニット名と会社が必須です。,
Service Unit Not Found,サービスユニットが見つかりません,
Service Unit Occupied,サービスユニット占有中,
Service Unit Tree,サービスユニットツリー,
Service Unit Type,Service Unit種類,
Service Unit Type Item,サービスユニットタイプ品目,
Service Unit:,サービスユニット:,
Sessions,セッション,
Sessions Completed,セッション完了,
Set the Item Code which will be used for billing the Clinical Procedure.,臨床処置の請求に使用される品目コードを設定します。,
Set the Out Patient Consulting Charge for this Practitioner.,この施術者の外来診療費を設定します。,
Set the Practitioner Schedule you just created. This will be used while booking appointments.,作成した施術者スケジュールを設定します。これは予約時に使用されます。,
Set up default Accounts for the Healthcare Facility,ヘルスケア施設のデフォルト勘定科目を設定します。,
Sets the number of concurrent appointments allowed,同時予約数を設定します。,
Settings,設定,
Setup,セットアップ,
Short Interpretation,短い解釈,
Shortage Qty,不足数量,
Show Completed Orders,完了した注文を表示,
Show Components,コンポーネントを表示,
Show Diagnostics Tab on Portal,ポータルに診断タブを表示,
Show Payment Popup,支払いポップアップを表示,
Show Payment Prompt in Appointment,予約で支払いプロンプトを表示,
Show in Portal,ポータルに表示,
Siblings,兄弟姉妹,
Signature,署名,
Single,単一,
Slots for {0} are not added to the schedule,{0} のスロットはスケジュールに追加されていません。,
Social History,社会歴,
"Social History Observations define the patient's occupational, personal (e.g., lifestyle), social, familial, and environmental history and health risk factors that may impact the patient's health.",社会歴観察は、患者の職業歴、個人歴（例：ライフスタイル）、社会歴、家族歴、環境歴、および患者の健康に影響を与える可能性のある健康リスク要因を定義します。,
Source,ソース,
Source Doc,ソースドキュメント,
Specimen,検体,
Specimen Type,Specimen種類,
Spouse,配偶者,
Staff Role,スタッフロール,
Standard Document Types,標準ドキュメントタイプ,
Standard Selling Rate should be greater than zero.,標準販売レートはゼロより大きい必要があります。,
Start,開始,
Start Date,開始日,
Start Date should be before End Date,開始日は終了日より前の日付である必要があります。,
Start Time,開始時刻,
State,状態,
Status,ステータス,
Steps,ステップ,
Steps Table,ステップテーブル,
Stock Consumption,在庫消費,
Stock Details,在庫詳細,
Stock Entry,在庫伝票,
Stock Entry {0} created,在庫伝票 {0} が作成されました,
Stock Entry {0} created and ,在庫伝票 {0} が作成され、 ,
Stock UOM,在庫UOM,
Stock quantity to start the Procedure is not available in the Warehouse {0}. Do you want to record a Stock Entry?,手続きを開始するための在庫数量が倉庫 {0} にありません。在庫伝票を記録しますか？,
Stop,停止,
Stopped,停止済,
Strength,効力,
Strength UOM,効力UOM,
Subject,件名,
Submit,提出,
Submit Orders on Save,保存時に注文を提出,
Submitted,提出済,
Submitted Date,提出日,
"Subsequent to being Final, the observation has been modified subsequent. This includes updates/new information and corrections.",最終確定後、観察結果が修正されました。これには、更新/新規情報および修正が含まれます。,
"Subsequent to being Final, the observation has been modified to correct an error in the test result.",最終確定後、観察結果はテスト結果のエラーを修正するために変更されました。,
Success,成功,
Sunday,日曜日,
Supplier,仕入先,
Surgery and Nursing,手術と看護,
Surgical History,手術歴,
Surgical history,手術歴,
Survey,アンケート,
Susceptible,感受性あり,
Symptoms,症状,
Sync,同期,
Syncing Documents ...,ドキュメントを同期中...,
System,システム,
System Manager,システム管理者,
System URI,システムURI,
"System will validate if a document of this type is created and linked before completing the Nursing Task - for example, Vital Signs if the task is supposed to capture the vitals of the Patient",システムは、看護タスクを完了する前に、このタイプのドキュメントが作成されリンクされているかを検証します。例えば、患者のバイタルを記録するタスクの場合、バイタルサインのドキュメントを検証します。,
Targetted,ターゲット,
Task Details,タスク詳細,
Task DocType,タスクドキュメントタイプ,
Task Doctype,タスクドキュメントタイプ,
Task Document Name,Task Document名,
Task Duration,タスク期間,
Task End Time,タスク終了時刻,
Task Resolution,タスク解決,
Task Schedule,タスクスケジュール,
Task Start Time,タスク開始時刻,
Tasks,タスク,
Tele,電話,
Temperature,体温,
Template,テンプレート,
Template Details,テンプレート詳細,
Template DocName,テンプレートドキュメント名,
Template DocType,テンプレートドキュメントタイプ,
Template Name,テンプレート名,
Terminology (Medical Codes),用語（医療コード）,
Terminology Mapping,用語マッピング,
Terms,条件,
Terms and Conditions,取引条件,
Terms and Conditions Details,Terms and Conditions詳細,
Territory,テリトリー,
Test,テスト,
Test :,テスト：,
Test Created,テスト作成済,
Test Group,テストグループ,
Test Name,テスト名,
Test Template,テストテンプレート,
Tests,テスト,
Text,テキスト,
The Healthcare Module is all set up!,ヘルスケアモジュールの設定が完了しました！,
The activity described by the request has been fully performed. No further activity will occur.,リクエストによって記述されたアクティビティは完全に実行されました。これ以上の活動は発生しません。,
"The authoring/source system does not know which of the status values currently applies for this observation. Note: This concept is not to be used for 'other' - one of the listed statuses is presumed to apply, but the authoring/source system does not know which.",作成/ソースシステムは、この観察に現在適用されるステータス値のいずれであるかを知りません。注：この概念は「その他」には使用されません。リストされているステータスのいずれかが適用されると推定されますが、作成/ソースシステムはどれであるかを知りません。,
"The authoring/source system does not know which of the status values currently applies for this request. Note: This concept is not to be used for 'other' - one of the listed statuses is presumed to apply, but the authoring/source system does not know which.",作成/ソースシステムは、このリクエストに現在適用されるステータス値のいずれであるかを知りません。注：この概念は「その他」には使用されません。リストされているステータスのいずれかが適用されると推定されますが、作成/ソースシステムはどれであるかを知りません。,
The item referenced by {0} - {1} is already invoiced,{0} - {1} で参照されている品目はすでに請求済みです,
The lifecycle status of an artifact.,アーティファクトのライフサイクルステータス。,
The number of free follow ups (Patient Encounters in valid days) allowed,許可される無料のフォローアップ回数（有効期間内の患者診察）,
"The observation has been withdrawn following previous final release. This electronic record should never have existed, though it is possible that real-world decisions were based on it. (If real-world activity has occurred, the status should be 'cancelled' rather than 'entered-in-error'.).",以前の最終リリース後、観察結果は撤回されました。この電子記録は存在すべきではありませんでしたが、現実世界の決定がこれに基づいて行われた可能性があります。（現実世界での活動が発生している場合、ステータスは「エラー入力」ではなく「キャンセル済み」であるべきです。）,
The observation is complete and there are no further actions needed.),観察は完了しており、これ以上のアクションは必要ありません。）,
The observation is unavailable because the measurement was not started or not completed (also sometimes called 'aborted').,測定が開始されなかったか、完了しなかったため（「中止」とも呼ばれる）、観察は利用できません。,
The request (and any implicit authorization to act) has been temporarily withdrawn but is expected to resume in the future.,リクエスト（および行動するための暗黙の承認）は一時的に撤回されましたが、将来的に再開される予定です。,
The request (and any implicit authorization to act) has been terminated prior to the known full completion of the intended actions. No further activity should occur.,リクエスト（および行動するための暗黙の承認）は、意図されたアクションの完全な完了が確認される前に終了されました。これ以上の活動は発生すべきではありません。,
The request has been created but is not yet complete or ready for action.,リクエストは作成されましたが、まだ完了しておらず、行動の準備ができていません。,
The request has been withdrawn before any administrations have occurred,リクエストは、いかなる管理も行われる前に撤回されました。,
The request has normal priority.,リクエストは通常の優先度です。,
"The request is 'actionable', but not all actions that are implied by it have occurred yet.",リクエストは「実行可能」ですが、それに伴うすべてのアクションがまだ発生していません。,
The request is a suggestion made by someone/something that does not have an intention to ensure it occurs and without providing an authorization to act.,リクエストは、それが確実に発生することを意図せず、行動する承認も提供せずに、誰か/何かによって行われた提案です。,
The request is in force and ready to be acted upon.,リクエストは有効であり、行動する準備ができています。,
The request is no longer active and the subject should no longer be taking the medication.,リクエストはもはや有効ではなく、対象者は投薬を中止すべきです。,
"The request is not yet 'actionable', e.g. it is a work in progress, requires sign-off, verification or needs to be run through decision support process.",リクエストはまだ「実行可能」ではありません。例えば、作業中である、承認、検証が必要である、または意思決定支援プロセスを経る必要があります。,
"The request represents a component or option for a RequestOrchestration that establishes timing, conditionality and/or other constraints among a set of requests.",リクエストは、一連のリクエスト間のタイミング、条件、および/またはその他の制約を確立するRequestOrchestrationのコンポーネントまたはオプションを表します。,
The request represents a legally binding instruction authored by a Patient or RelatedPerson.,リクエストは、患者または関連者によって作成された法的拘束力のある指示を表します。,
The request represents a request/demand and authorization for action by the requestor.,リクエストは、要求者による行動の要求/需要および承認を表します。,
The request represents an automatically generated supplemental authorization for action based on a parent authorization together with initial results of the action taken against that parent authorization.,リクエストは、親承認と、その親承認に対して取られたアクションの初期結果に基づいて自動的に生成された補足的な行動承認を表します。,
The request represents an intention to ensure something occurs without providing an authorization for others to act.,リクエストは、他者が行動するための承認を提供せずに、何かが発生することを確実にする意図を表します。,
The request represents an original authorization for action.,リクエストは、行動のための元の承認を表します。,
The request represents the view of an authorization instantiated by a fulfilling system representing the details of the fulfiller's intention to act upon a submitted order.,リクエストは、提出された注文に対して行動するという履行者の意図の詳細を表す、履行システムによってインスタンス化された承認のビューを表します。,
The request should be actioned as soon as possible - higher priority than urgent.,リクエストはできるだけ早く処理されるべきです - 緊急よりも高い優先度です。,
The request should be actioned immediately - highest possible priority. E.g. an emergency.,リクエストは直ちに処理されるべきです - 可能な限り最高の優先度です。例：緊急事態。,
The request should be actioned promptly - higher priority than routine.,リクエストは迅速に処理されるべきです - 定期よりも高い優先度です。,
"The request was recorded against the wrong patient or for some reason should not have been recorded (e.g. wrong medication, wrong dose, etc.). Some of the actions that are implied by the medication request may have occurred. For example, the medication may have been dispensed and the patient may have taken some of the medication.",リクエストは誤った患者に対して記録されたか、何らかの理由で記録されるべきではありませんでした（例：誤った薬、誤った用量など）。投薬リクエストによって暗示されるアクションの一部は発生した可能性があります。例えば、薬が調剤され、患者が一部の薬を服用した可能性があります。,
"The results of observations generated by laboratories. Laboratory results are typically generated by laboratories providing analytic services in areas such as chemistry, hematology, serology, histology, cytology, anatomic pathology (including digital pathology), microbiology, and/or virology. These observations are based on analysis of specimens obtained from the patient and submitted to the laboratory.",検査室によって生成された観察結果。検査結果は通常、化学、血液学、血清学、組織学、細胞学、解剖病理学（デジタル病理学を含む）、微生物学、および/またはウイルス学などの分野で分析サービスを提供する検査室によって生成されます。これらの観察は、患者から採取され検査室に提出された検体の分析に基づいています。,
The role responsible for performing the medication request,投薬リクエストの実行を担当するロール,
The role responsible for performing the service,サービス実行を担当するロール,
The selected Service Unit <strong>{0}</strong> is already occupied. Please choose a vacant Service Unit.,選択されたサービスユニット <strong>{0}</strong> はすでに使用中です。空いているサービスユニットを選択してください。,
The time duration before or after the event on which the Nursing Task is to be performed. The Nursing Task start time will be set based on this.,看護タスクが実行されるイベントの前後の時間期間。看護タスクの開始時刻はこれに基づいて設定されます。,
Therapies,治療,
Therapy,治療,
Therapy For,治療対象,
Therapy Plan,治療計画,
Therapy Plan Detail,Therapy Plan詳細,
Therapy Plan Details,Therapy Plan詳細,
Therapy Plan Required,治療計画は必須です,
Therapy Plan Template,Therapy Planテンプレート,
Therapy Plan Template Detail,Therapy Plan Template詳細,
Therapy Plan is required to create Therapy Session,治療セッションを作成するには治療計画が必要です,
Therapy Plan {0} created successfully.,治療計画 {0} が正常に作成されました。,
Therapy Plans,治療計画,
Therapy Session,治療セッション,
Therapy Session Charges: {0},治療セッション料金：{0},
Therapy Session is already created,治療セッションはすでに作成されています,
Therapy Session overlaps with {0},治療セッションが {0} と重複しています,
Therapy Session {0} already created from service request {1},治療セッション {0} はサービスリクエスト {1} からすでに作成されています,
Therapy Sessions,治療セッション,
Therapy Sessions Overlapping,治療セッションの重複,
Therapy Type,Therapy種類,
Therapy Types,治療タイプ,
There are Orders yet to be carried out<b> {0},未実施の注文があります<b> {0},
There are no Therapies prescribed for Patient {0},患者 {0} に処方された治療はありません,
These options will be available for selection in Observation. No need to add a blank space before the first option,これらのオプションは観察で選択可能になります。最初のオプションの前に空白を追加する必要はありません,
This error can be due to invalid formula.,このエラーは無効な数式が原因である可能性があります。,
This is a root healthcare service unit and cannot be edited.,これはルートの医療サービスユニットであり、編集できません。,
This is an initial or interim observation: data may be incomplete or unverified.,これは初期または暫定的な観察です。データは不完全または未検証である可能性があります。,
This is based on transactions against this Healthcare Practitioner.,これはこの医療従事者に対する取引に基づいています。,
This is based on transactions against this Patient. See timeline below for details,これはこの患者に対する取引に基づいています。詳細については以下のタイムラインを参照してください,
This method is only meant for developer mode,このメソッドは開発者モードのみを対象としています,
"This request should never have existed and should be considered 'void'. (It is possible that real-world decisions were based on it. If real-world activity has occurred, the status should be 'revoked' rather than 'entered-in-error'.).",このリクエストは存在すべきではなく、「無効」と見なされるべきです。(現実世界の決定がこれに基づいて行われた可能性があります。現実世界の活動が発生した場合、ステータスは「エラー入力済み」ではなく「取り消し済み」であるべきです。),
This value is updated in the Default Sales Price List.,この値はデフォルトの販売価格リストで更新されます。,
Thursday,木曜日,
Time,時刻,
Time Off,休暇,
Time Offset,時間オフセット,
Time Slots,タイムスロット,
Time of Approval,承認時刻,
Time of Result,結果時刻,
Time period (Valid number of days) for free consultations,無料相談の期間 (有効日数),
"Time slot skiped, the slot {0} to {1} overlap exisiting slot {2} to {3}",タイムスロットはスキップされました。スロット {0} から {1} は既存のスロット {2} から {3} と重複しています,
Time slots added,タイムスロットが追加されました,
Title,タイトル,
To,宛先,
To Admit,入院させる,
To Age Type,To Age種類,
To Date,終了日,
To Datetime,終了日時,
To Discharge,退院させる,
To Duration,期間まで,
To Time,終了時刻,
To enable this feature need Payments App,この機能を有効にするには Payments App が必要です,
Tobacco Consumption (Past),タバコ消費 (過去),
Tobacco Consumption (Present),タバコ消費 (現在),
Tobacco past use,過去のタバコ使用,
Tobacco use,タバコ使用,
Today,今日,
Tongue,舌,
Top,上部,
Total,合計,
Total Amount,Amount合計,
Total Counts Completed,Counts Completed合計,
Total Counts Targeted,Counts Targeted合計,
Total Coverage Amount Invoiced,Coverage Amount Invoiced合計,
Total Dispensable Quantity,Dispensable Quantity合計,
Total IP Records,総入院記録,
Total Insurance Claim Amount,Insurance Claim Amount合計,
Total Orders,注文合計,
Total Patients,総患者数,
Total Patients Admitted,総入院患者数,
Total Qty Invoiced,Qty Invoiced合計,
Total Score,スコア合計,
Total Score Obtained,Score Obtained合計,
Total Sessions,セッション合計,
Total Sessions Completed,Sessions Completed合計,
Total Sessions to Bill,請求対象のセッション合計,
Total Therapy Sessions: ,合計治療セッション: ,
Traceback,トレースバック,
Training,トレーニング,
Transactions,取引,
Transfer,転送,
Transfer Qty,転送数量,
Transferred For Procedure,処置のために転送済み,
Travel,移動,
Treatment Counselling,治療カウンセリング,
Treatment Counselling Required for IP,入院患者向け治療カウンセリングが必要,
Treatment Done,治療完了,
Treatment Plan Template,Treatment Planテンプレート,
Treatment Plan Template Item,治療計画テンプレート品目,
Treatment Plan Template Items,治療計画テンプレート品目,
Treatment Plan Template Practitioner,治療計画テンプレート従事者,
Tree Details,Tree詳細,
Tree Type,Tree種類,
Tuesday,火曜日,
Type,種類,
Type of the new Service Unit,新しいサービスユニットの種類,
UOM,単位,
UOM Conversion in Hours,時間単位での単位換算,
URI,URI,
URL,URL,
Unavailable,利用不可,
Unavailable block for a practitioner must overlap at least partially with an existing Availability,医療従事者の利用不可ブロックは、既存の利用可能時間と少なくとも部分的に重複する必要があります,
Unbilled Services,未請求サービス,
Underline,下線,
Underweight,低体重,
Unknown,不明,
Unsatisfactory,不満足,
Update,更新,
Update Claim Status,請求ステータスの更新,
Update Schedule,スケジュールの更新,
Update Status,ステータスの更新,
Update Stock,在庫の更新,
Urgent,緊急,
User,ユーザー,
User ID,ユーザーID,
User exists with Email {},ユーザーがメールアドレス {} で存在します,
User {0} does not exist,ユーザー {0} は存在しません,
User {0} is already assigned to Healthcare Practitioner {1},ユーザー {0} はすでに医療従事者 {1} に割り当てられています,
User {0} is disabled,ユーザー {0} は無効です,
Using ICD-[x] with HL7 Standards. https://terminology.hl7.org/ICD.html,HL7標準でICD-[x]を使用しています。https://terminology.hl7.org/ICD.html,
Using LOINC with HL7 Standards. https://terminology.hl7.org/LOINC.html,HL7標準でLOINCを使用しています。https://terminology.hl7.org/LOINC.html,
Using RxNorm with HL7 Standards. https://terminology.hl7.org/RxNorm.html,HL7標準でRxNormを使用しています。https://terminology.hl7.org/RxNorm.html,
"Using SNOMED CT with HL7 Standards. https://terminology.hl7.org/SNOMEDCT.html
				See also the SNOMED CT Usage Summary (link below) which summarizes the use of SNOMED CT in the base FHIR Specification.
				https://www.hl7.org/fhir/snomedct-usage.html","HL7標準でSNOMED CTを使用しています。https://terminology.hl7.org/SNOMEDCT.html
				また、SNOMED CTの基本FHIR仕様での使用法をまとめたSNOMED CT使用概要 (以下のリンク) も参照してください。
				https://www.hl7.org/fhir/snomedct-usage.html",
Using UCUM with HL7 Standards. https://terminology.hl7.org/UCUM.html,HL7標準でUCUMを使用しています。https://terminology.hl7.org/UCUM.html,
Vacant,空き,
Valid From,有効開始日,
Valid Number of Days,有効日数,
Valid Till,有効期限,
Validate Nursing Checklists,看護チェックリストの検証,
Validates all mandatory tasks in nursing checklist to be Completed before a Patient transactional event.,患者の取引イベントの前に、看護チェックリスト内のすべての必須タスクが完了していることを検証します。,
"Validates all mandatory tasks in nursing checklist to be Completed before a Patient transactional event. For example, if any of the tasks as part of the Discharge Checklist is not in status Completed, system will alert the user while trying to Discharge the Patient from inpatient facility",患者の取引イベントの前に、看護チェックリスト内のすべての必須タスクが完了していることを検証します。例えば、退院チェックリストの一部であるタスクのいずれかが完了ステータスでない場合、システムは患者を病棟施設から退院させようとするときにユーザーに警告します,
Validation Error,検証エラー,
Validity,有効性,
Value,値,
Value Set,値セット,
Verify ABHA,ABHAの検証,
Verify ABHA Number,ABHA番号の検証,
Version,バージョン,
Very Coated,非常に厚い,
Very Hyper,非常に過活動,
Video Conferencing disabled for group consultations,グループ相談向けビデオ会議は無効です,
"Video conferencing enabled for {}, 											please link {} or configure Default Google Calendar in {}",{} のビデオ会議が有効になっています。											{} をリンクするか、{} でデフォルトの Google カレンダーを設定してください,
View,ビュー,
View Lab Tests,検査結果の表示,
Visits Completed,訪問完了,
Vital Signs,バイタルサイン,
Warehouse,倉庫,
Warehouse from where medication stock should be consumed,医薬品在庫が消費される倉庫,
Warning,警告,
Website,ウェブサイト,
Wednesday,水曜日,
Week,週,
Weekly,週次,
Weight (In Kilogram),体重 (キログラム単位),
"While booking tele-consultation appointments via Google Meet, this Google Calendar will be used. You can also configure separate Google Calender for each Practitioner if required",Google Meet を介して遠隔診療の予約をする際、この Google カレンダーが使用されます。必要に応じて、各医療従事者ごとに個別の Google カレンダーを設定することもできます,
Widow,寡婦,
Will be serially suffixed to maintain uniquness. Example: 'Ward' will be named as 'Ward-####',一意性を保つために連番が接尾辞として追加されます。例: 「病棟」は「病棟-####」と命名されます。,
Will be set as the default Code System selected in the Codification Table,コード化テーブルで選択されたデフォルトのコードシステムとして設定されます,
Worksheet & Legend,ワークシート & 凡例,
Worksheet Instructions,ワークシート手順,
Worksheet Print,ワークシート印刷,
Year(s),年,
Yearly,年次,
Years,年,
Years(s),年,
Yes,はい,
Yesterday,昨日,
You are not linked to any patient. Please contact the administration.,いずれの患者にもリンクされていません。管理者にご連絡ください。,
"You can also set the Medical Department for the template. After saving the document, an Item will automatically be created for billing this Clinical Procedure. You can then use this template while creating Clinical Procedures for Patients. Templates save you from filling up redundant data every single time. You can also create templates for other operations like Lab Tests, Therapy Sessions, etc.",テンプレートに医療部門を設定することもできます。ドキュメントを保存すると、この臨床処置の請求用に品目が自動的に作成されます。その後、患者の臨床処置を作成する際にこのテンプレートを使用できます。テンプレートを使用すると、毎回冗長なデータを入力する手間を省くことができます。検査、治療セッションなどの他の操作のテンプレートを作成することもできます。,
"You can configure default Items for billing consultation charges, procedure consumption items and inpatient visits",診察料、処置消費品目、入院患者の訪問の請求用にデフォルトの品目を設定できます。,
"You can create a service item for Inpatient Visit Charge and set it here. Similarly, you can set up other Healthcare Service Items for billing in this section. Click",入院訪問料のサービス品目を作成し、ここに設定できます。同様に、このセクションで請求用の他の医療サービス品目を設定できます。クリック,
You can only cancel Insurance Coverage with Status {},ステータス {} の保険適用のみキャンセルできます。,
You cannot Cancel Service Request in {} status,ステータス {} のサービスリクエストはキャンセルできません。,
You cannot add '{0}' because it already contains {1} levels of nested components. The maximum allowed depth is {2}.,'{0}' はすでに {1} レベルのネストされたコンポーネントを含んでいるため、追加できません。許可される最大深度は {2} です。,
You cannot provide more than 2 options for Boolean result,ブール結果に対して2つ以上のオプションを提供することはできません。,
You need to be logged in to access this page,このページにアクセスするにはログインする必要があります。,
Your Shortcuts,マイショートカット,
ZIP Code,郵便番号,
last Name,last名,
lft,lft,
on {0},{0} に,
pCLUCUMOCD,pCLUCUMOCD,
rgt,rgt,
slots available for booking,予約可能なスロット,
to know more,詳細はこちら,
validate_nursing_checklists,validate_nursing_checklists,
{0},{0},
{0} - {1},{0} - {1},
{0} Fields,{0} フィールド,
{0} Service Units created,{0} サービスユニット作成済,
{0} as on {1},{0} ({1} 時点),
{0} at {1},{1} に {0},
{0} does not have a Healthcare Practitioner Schedule / Availability. Add it in Healthcare Practitioner master / Practitioner Availability,{0} には医療従事者のスケジュール/空き状況がありません。医療従事者マスター / 従事者空き状況で追加してください。,
{0} for {1},{1} 用 {0},
{0} has fee validity till {1},{0} の料金有効期限は {1} までです,
{0} is a holiday,{0} は休日です,
{0} is on Leave on {1},{0} は {1} に休暇中です,
{0} is on a Half day Leave on {1},{0} は {1} に半日休暇中です,
{0} medication order completed,{0} 投薬指示完了,
{0} medication orders completed,{0} 投薬指示完了,
{0} on {1},{1} に {0},
{0} out of {1},{0} / {1},
{0} session completed,{0} セッション完了,
{0} sessions completed,{0} セッション完了,
{0} with {1},{0} と {1},
{},{},
{} Active,{} アクティブ,
{} Admitted,{} 入院済,
{} Draft,{} 下書き,
{} Open,{} オープン,
{} Pending,{} 保留中,
{} Vacant,{} 空き,
